iter,mean_R,mean_len,success_rate,pi_loss,v_loss,entropy,kl,clip_frac,wall,reason_breakdown
1,0.544523298740387,31.822916666666668,0.3229166666666667,-0.16482600569725037,0.6702983379364014,3.216503143310547,0.11860451102256775,0.2760416666666667,1.9435882568359375,max_steps:31|joint_limit:31|pos_err_exceeded:25|self_collision:8
10,0.514326810836792,30.84375,0.3125,-0.02433732897043228,0.14261096715927124,4.708117961883545,0.13201093673706055,0.06597222222222222,17.337120532989502,joint_limit:41|max_steps:30|pos_err_exceeded:16|self_collision:5
20,0.6032832264900208,35.270833333333336,0.3541666666666667,-0.14996838569641113,0.15920960903167725,4.7988786697387695,0.20394203066825867,0.16145833333333334,34.278674840927124,max_steps:34|joint_limit:31|pos_err_exceeded:24|self_collision:4
30,0.5631890296936035,32.322916666666664,0.3958333333333333,-0.24846641719341278,0.147893026471138,5.896244049072266,0.0821298360824585,0.11067708333333333,51.37006163597107,max_steps:38|joint_limit:34|pos_err_exceeded:18|init_ik_fail:4
40,0.5720083713531494,33.5,0.375,-0.09705298393964767,0.10219110548496246,5.959104061126709,0.00596686452627182,0.17578125,68.33197569847107,max_steps:36|joint_limit:26|pos_err_exceeded:26|self_collision:8
50,0.6058958768844604,35.21875,0.3854166666666667,-0.2470839023590088,0.11185356974601746,6.389054775238037,0.1920023262500763,0.234375,85.31558299064636,max_steps:37|pos_err_exceeded:27|joint_limit:27|init_ik_fail:3
60,0.6244663596153259,37.770833333333336,0.4375,0.02242904156446457,0.20291206240653992,6.108458995819092,0.10259553790092468,0.26666666666666666,102.20712995529175,max_steps:42|pos_err_exceeded:25|joint_limit:25|self_collision:4
70,0.5774120092391968,34.270833333333336,0.3541666666666667,-0.23766355216503143,0.11669187992811203,6.653489589691162,0.05847173184156418,0.171875,119.16623306274414,max_steps:34|pos_err_exceeded:28|joint_limit:26|self_collision:6
80,0.5114359855651855,29.166666666666668,0.3125,-0.1920246183872223,0.11969796568155289,7.704423904418945,0.12240678071975708,0.08958333333333333,136.19473266601562,joint_limit:34|max_steps:30|pos_err_exceeded:25|self_collision:6
90,0.5610466003417969,33.739583333333336,0.3645833333333333,-0.07982051372528076,0.17362387478351593,8.058074951171875,0.009901931509375572,0.23828125,153.2736999988556,max_steps:35|joint_limit:30|pos_err_exceeded:23|self_collision:5
100,0.540203869342804,31.59375,0.40625,-0.32039234042167664,0.1391201615333557,10.082771301269531,0.00720377778634429,0.19270833333333334,170.27311635017395,max_steps:39|joint_limit:32|pos_err_exceeded:18|self_collision:7
110,0.5863940715789795,34.75,0.3854166666666667,-0.12191658467054367,0.13148188591003418,10.890673637390137,0.0575362965464592,0.13411458333333334,187.4481520652771,max_steps:37|joint_limit:34|pos_err_exceeded:22|self_collision:2
120,0.5932648777961731,36.677083333333336,0.40625,-0.25119516253471375,0.11638444662094116,11.0564603805542,0.10136544704437256,0.24348958333333334,204.69911074638367,max_steps:39|joint_limit:31|pos_err_exceeded:18|self_collision:8
130,0.5969476103782654,35.135416666666664,0.3958333333333333,-0.06406617164611816,0.16511869430541992,10.94140625,0.019031643867492676,0.10677083333333333,221.72546339035034,max_steps:38|joint_limit:29|pos_err_exceeded:22|self_collision:5
140,0.5280566215515137,31.40625,0.3645833333333333,-0.20807002484798431,0.10350535064935684,10.373187065124512,0.08212828636169434,0.10677083333333333,238.72560238838196,max_steps:35|joint_limit:30|pos_err_exceeded:22|self_collision:7
150,0.5700051188468933,33.302083333333336,0.3854166666666667,-0.08384956419467926,0.1615709662437439,9.963916778564453,0.005241364240646362,0.11197916666666667,255.60231018066406,max_steps:37|joint_limit:27|pos_err_exceeded:25|init_ik_fail:4
160,0.5479273200035095,33.041666666666664,0.3958333333333333,-0.17782588303089142,0.12288978695869446,10.415304183959961,0.04453307390213013,0.10807291666666667,272.56102871894836,max_steps:38|joint_limit:30|pos_err_exceeded:20|self_collision:7
170,0.6391685009002686,37.46875,0.40625,-0.2145633101463318,0.09676758944988251,9.884227752685547,0.15651503205299377,0.10416666666666667,289.47959995269775,max_steps:39|joint_limit:26|pos_err_exceeded:23|self_collision:5
180,0.6304078698158264,38.59375,0.4583333333333333,-0.30672937631607056,0.11931387335062027,8.853039741516113,0.1269807666540146,0.03125,306.28169560432434,max_steps:44|joint_limit:29|pos_err_exceeded:15|self_collision:8
190,0.6012238264083862,35.46875,0.40625,-0.23377102613449097,0.11228752136230469,8.97248363494873,0.0401686355471611,0.19270833333333334,323.3019006252289,max_steps:39|pos_err_exceeded:28|joint_limit:23|self_collision:4
200,0.5705658793449402,35.520833333333336,0.3854166666666667,-0.09934941679239273,0.15009070932865143,8.39267635345459,0.12304484844207764,0.0625,340.1616804599762,max_steps:37|joint_limit:29|pos_err_exceeded:24|self_collision:6
210,0.5576050877571106,33.822916666666664,0.3541666666666667,-0.08762386441230774,0.10922916233539581,8.411554336547852,0.18103161454200745,0.09375,356.8092017173767,max_steps:34|joint_limit:30|pos_err_exceeded:24|self_collision:6
220,0.5820862054824829,34.21875,0.3854166666666667,-0.2965681850910187,0.0882796049118042,8.531306266784668,0.08189805597066879,0.15234375,373.5892119407654,max_steps:37|joint_limit:28|pos_err_exceeded:25|self_collision:5
230,0.5793272256851196,34.114583333333336,0.4166666666666667,-0.28020328283309937,0.12363944947719574,8.311040878295898,0.139407679438591,0.1375,390.3277909755707,max_steps:40|joint_limit:28|pos_err_exceeded:17|self_collision:10
240,0.5658694505691528,34.875,0.3333333333333333,-0.08054905384778976,0.1769753396511078,7.997586250305176,0.16755054891109467,0.140625,407.0346748828888,max_steps:32|pos_err_exceeded:32|joint_limit:27|self_collision:4
250,0.6327857971191406,38.875,0.4895833333333333,-0.18883854150772095,0.15121379494667053,8.446927070617676,0.10987987369298935,0.1701388888888889,423.78669834136963,max_steps:47|joint_limit:19|pos_err_exceeded:19|init_ik_fail:8
260,0.6347357630729675,36.572916666666664,0.4270833333333333,-0.2908095121383667,0.08414646983146667,9.408758163452148,0.19817671179771423,0.1527777777777778,440.65864086151123,max_steps:41|pos_err_exceeded:25|joint_limit:23|self_collision:7
270,0.563946008682251,32.145833333333336,0.3020833333333333,-0.17416898906230927,0.094683937728405,9.471044540405273,0.17179787158966064,0.19401041666666666,457.6674621105194,pos_err_exceeded:38|max_steps:29|joint_limit:23|self_collision:6
280,0.6149560809135437,36.65625,0.4583333333333333,-0.24863523244857788,0.1322142332792282,10.310047149658203,0.13774096965789795,0.03819444444444445,474.5991053581238,max_steps:44|joint_limit:21|pos_err_exceeded:19|self_collision:9
290,0.6123861074447632,34.822916666666664,0.4479166666666667,-0.13625900447368622,0.09774698317050934,10.221540451049805,0.10576076805591583,0.12053571428571429,491.65280866622925,max_steps:43|joint_limit:28|pos_err_exceeded:17|self_collision:6
300,0.5627812147140503,33.166666666666664,0.40625,-0.2877151668071747,0.0702514499425888,10.647647857666016,0.052479736506938934,0.06380208333333333,508.70145869255066,max_steps:39|joint_limit:27|pos_err_exceeded:24|self_collision:5
310,0.6031484603881836,36.802083333333336,0.4375,-0.09797009080648422,0.06811890006065369,10.405495643615723,0.033516496419906616,0.055989583333333336,525.6309235095978,max_steps:42|joint_limit:23|pos_err_exceeded:23|self_collision:6
320,0.6490079164505005,38.604166666666664,0.46875,-0.28670716285705566,0.1307116001844406,10.510976791381836,0.16293023526668549,0.10677083333333333,542.7536125183105,max_steps:45|pos_err_exceeded:25|joint_limit:16|self_collision:8
330,0.6335201859474182,35.947916666666664,0.4479166666666667,-0.2570508122444153,0.10419002920389175,10.634875297546387,0.13078907132148743,0.020833333333333332,559.8372848033905,max_steps:43|pos_err_exceeded:25|joint_limit:22|self_collision:6
340,0.6811612844467163,40.739583333333336,0.5,-0.25019028782844543,0.10048530995845795,10.168573379516602,0.2440124750137329,0.1171875,576.9393620491028,max_steps:48|pos_err_exceeded:23|joint_limit:18|self_collision:5
350,0.6004565358161926,35.6875,0.4270833333333333,-0.11441618204116821,0.1156359612941742,10.33037281036377,0.17333273589611053,0.08333333333333333,593.6912055015564,max_steps:41|joint_limit:30|pos_err_exceeded:15|self_collision:7
360,0.5977387428283691,35.71875,0.375,-0.4097290635108948,0.10293170809745789,9.550222396850586,0.1179867833852768,0.19791666666666666,610.5447010993958,max_steps:36|joint_limit:25|pos_err_exceeded:23|self_collision:11
370,0.5325083136558533,31.75,0.40625,0.09955814480781555,0.12998567521572113,10.199203491210938,0.14313040673732758,0.11458333333333333,627.419486284256,max_steps:39|joint_limit:31|pos_err_exceeded:17|self_collision:8
380,0.6131523251533508,33.90625,0.4479166666666667,-0.38936740159988403,0.09517925977706909,10.616595268249512,0.13789021968841553,0.09375,644.4473774433136,max_steps:43|pos_err_exceeded:24|joint_limit:17|self_collision:7
390,0.5875427722930908,36.583333333333336,0.3854166666666667,-0.23495113849639893,0.09335321187973022,10.911182403564453,0.032267533242702484,0.265625,661.5153329372406,max_steps:37|joint_limit:27|pos_err_exceeded:24|self_collision:5
400,0.6240352392196655,36.822916666666664,0.4375,-0.3920575976371765,0.06029733270406723,11.042875289916992,-0.007282555103302002,0.16536458333333334,678.6155786514282,max_steps:42|pos_err_exceeded:24|joint_limit:21|self_collision:6
410,0.6455160975456238,38.270833333333336,0.4791666666666667,-0.3608632981777191,0.0644824355840683,11.003072738647461,0.05921062082052231,0.140625,695.826178073883,max_steps:46|pos_err_exceeded:23|joint_limit:19|self_collision:6
420,0.6192681789398193,36.239583333333336,0.4479166666666667,-0.0017693936824798584,0.09336862713098526,10.869316101074219,0.05532141774892807,0.05859375,713.0854575634003,max_steps:43|joint_limit:27|pos_err_exceeded:21|self_collision:4
430,0.6150952577590942,36.6875,0.4479166666666667,-0.2725662887096405,0.19026753306388855,10.647573471069336,0.10175693035125732,0.041666666666666664,729.9422771930695,max_steps:43|pos_err_exceeded:22|joint_limit:21|self_collision:8
440,0.5796573758125305,33.729166666666664,0.4166666666666667,-0.11724905669689178,0.1126902624964714,10.686121940612793,0.24169921875,0.03125,746.6781089305878,max_steps:40|pos_err_exceeded:25|joint_limit:21|self_collision:8
450,0.6185985803604126,37.791666666666664,0.3958333333333333,-0.27196359634399414,0.09675903618335724,10.638368606567383,3.436474561691284,0.052083333333333336,763.3036949634552,max_steps:38|joint_limit:28|pos_err_exceeded:21|self_collision:7
460,0.6154587268829346,35.739583333333336,0.4791666666666667,-0.16177409887313843,0.07701021432876587,10.301934242248535,12.782272338867188,0.041666666666666664,779.9234044551849,max_steps:46|joint_limit:21|pos_err_exceeded:16|self_collision:10
470,0.6453725099563599,37.958333333333336,0.3958333333333333,-0.5988634824752808,0.14320436120033264,10.666996002197266,0.12667372822761536,0.020833333333333332,796.5039682388306,max_steps:38|pos_err_exceeded:29|joint_limit:21|self_collision:8
480,0.5433747172355652,32.9375,0.3541666666666667,-0.1798994392156601,0.11665930598974228,10.68204402923584,0.19884014129638672,0.0234375,813.1637341976166,max_steps:34|joint_limit:32|pos_err_exceeded:23|self_collision:6
490,0.5370222330093384,30.770833333333332,0.3958333333333333,-0.12951485812664032,0.11416562646627426,10.385845184326172,4.480309963226318,0.052083333333333336,829.7986235618591,max_steps:38|joint_limit:28|pos_err_exceeded:16|self_collision:9
500,0.6363018751144409,38.479166666666664,0.40625,-0.21457228064537048,0.09773428738117218,10.142494201660156,0.6382402777671814,0.03125,846.6362481117249,max_steps:39|joint_limit:27|pos_err_exceeded:24|self_collision:6
510,0.624584436416626,37.0625,0.4375,-0.07118714600801468,0.10035283118486404,10.188800811767578,0.13652709126472473,0.0625,863.4731230735779,max_steps:42|joint_limit:24|pos_err_exceeded:22|self_collision:6
520,0.587433934211731,34.416666666666664,0.4375,-0.12503015995025635,0.06698040664196014,10.214310646057129,2.984602689743042,0.08333333333333333,880.2477931976318,max_steps:42|pos_err_exceeded:25|joint_limit:23|self_collision:5
530,0.6157770752906799,37.4375,0.4479166666666667,-0.12591126561164856,0.09738988429307938,10.7637939453125,0.17472365498542786,0.020833333333333332,896.9376401901245,max_steps:43|pos_err_exceeded:25|joint_limit:21|self_collision:6
540,0.6120587587356567,35.916666666666664,0.4479166666666667,-0.07719479501247406,0.13392141461372375,10.49393367767334,0.3767184019088745,0.03125,913.6428873538971,max_steps:43|pos_err_exceeded:23|joint_limit:22|self_collision:4
550,0.6252347230911255,38.739583333333336,0.4270833333333333,-0.09419223666191101,0.09070825576782227,10.722518920898438,0.10748156160116196,0.15833333333333333,930.4430570602417,max_steps:41|joint_limit:24|pos_err_exceeded:19|self_collision:9
560,0.6202603578567505,35.625,0.4270833333333333,0.033725492656230927,0.08971407264471054,10.478738784790039,0.15136881172657013,0.03125,947.3244826793671,max_steps:41|joint_limit:29|pos_err_exceeded:19|self_collision:5
570,0.6137958765029907,36.09375,0.4375,-0.219190776348114,0.1291591376066208,10.492073059082031,0.12503480911254883,0.057291666666666664,964.1965391635895,max_steps:42|joint_limit:25|pos_err_exceeded:23|self_collision:5
580,0.6270663142204285,36.6875,0.375,-0.07821810990571976,0.07368515431880951,10.591829299926758,0.3511154353618622,0.03125,981.0735630989075,max_steps:36|joint_limit:26|pos_err_exceeded:23|self_collision:9
590,0.6228318810462952,36.958333333333336,0.4479166666666667,-0.36099720001220703,0.06851682811975479,10.549222946166992,0.29812753200531006,0.10416666666666667,997.9022357463837,max_steps:43|joint_limit:25|pos_err_exceeded:21|self_collision:4
600,0.6585587859153748,38.302083333333336,0.4791666666666667,-0.23114094138145447,0.06935387849807739,10.725252151489258,0.10103340446949005,0.017361111111111112,1014.7439606189728,max_steps:46|joint_limit:24|pos_err_exceeded:17|self_collision:8
610,0.6195162534713745,35.729166666666664,0.40625,-0.29550856351852417,0.059207141399383545,10.368624687194824,1.1425570249557495,0.041666666666666664,1031.6454854011536,max_steps:39|joint_limit:24|pos_err_exceeded:24|self_collision:8
620,0.5827727913856506,35.979166666666664,0.4166666666666667,-0.13707534968852997,0.10574209690093994,9.804737091064453,0.22625470161437988,0.08854166666666667,1048.44624209404,max_steps:40|joint_limit:28|pos_err_exceeded:22|init_ik_fail:3
630,0.5800666809082031,36.833333333333336,0.34375,0.019669368863105774,0.0691213458776474,9.327255249023438,1.1584651470184326,0.13541666666666666,1065.045604467392,max_steps:33|pos_err_exceeded:29|joint_limit:21|self_collision:12
640,0.6432978510856628,38.03125,0.3958333333333333,-0.23494380712509155,0.09647191315889359,9.638545036315918,3.7607600688934326,0.125,1081.656824350357,max_steps:38|pos_err_exceeded:29|joint_limit:27|self_collision:2
650,0.5814695954322815,36.135416666666664,0.375,-0.01161116361618042,0.10803680121898651,10.069846153259277,0.17638051509857178,0.0625,1098.4004654884338,max_steps:36|pos_err_exceeded:29|joint_limit:23|self_collision:6
660,0.5747100710868835,34.322916666666664,0.3854166666666667,0.1693873107433319,0.1226903572678566,9.770342826843262,0.1289183497428894,0.057291666666666664,1115.0915541648865,max_steps:37|pos_err_exceeded:25|joint_limit:22|self_collision:9
670,0.642228364944458,39.208333333333336,0.4375,-0.3116387128829956,0.07882806658744812,10.308524131774902,0.24998575448989868,0.06458333333333334,1131.864322900772,max_steps:42|joint_limit:28|pos_err_exceeded:23|self_collision:3
680,0.5927904844284058,35.520833333333336,0.4270833333333333,-0.13673532009124756,0.11456522345542908,9.65098762512207,7.730099678039551,0.09375,1148.5050513744354,max_steps:41|joint_limit:23|pos_err_exceeded:22|self_collision:7
690,0.5513310432434082,33.052083333333336,0.3854166666666667,-0.09887878596782684,0.13306188583374023,9.960062026977539,0.5756323337554932,0.041666666666666664,1165.098477602005,max_steps:37|joint_limit:24|pos_err_exceeded:23|self_collision:7
700,0.5964013934135437,35.739583333333336,0.40625,-0.1136775091290474,0.11443489044904709,10.345877647399902,0.11475908756256104,0.078125,1181.7206621170044,max_steps:39|joint_limit:29|pos_err_exceeded:21|self_collision:6
710,0.6190105676651001,37.333333333333336,0.4166666666666667,0.11617553979158401,0.10270823538303375,9.139867782592773,0.10624177753925323,0.08854166666666667,1198.3243596553802,max_steps:40|joint_limit:25|pos_err_exceeded:21|self_collision:8
720,0.5547608733177185,32.697916666666664,0.34375,-0.20861029624938965,0.10084059089422226,9.455039024353027,0.3968566060066223,0.10416666666666667,1215.0582325458527,max_steps:33|joint_limit:28|pos_err_exceeded:27|self_collision:6
730,0.6149066090583801,37.3125,0.4270833333333333,0.14873483777046204,0.1083686500787735,9.796021461486816,0.3405344486236572,0.03125,1231.935278892517,max_steps:41|joint_limit:24|pos_err_exceeded:21|self_collision:6
740,0.5546014904975891,34.229166666666664,0.3541666666666667,0.06011055409908295,0.0657208263874054,10.137085914611816,0.21259763836860657,0.08159722222222222,1248.7263674736023,max_steps:34|pos_err_exceeded:29|joint_limit:26|self_collision:7
750,0.6545838117599487,38.822916666666664,0.4166666666666667,0.1219252347946167,0.1053122878074646,9.924375534057617,0.8535581827163696,0.03125,1265.4664025306702,max_steps:40|joint_limit:26|pos_err_exceeded:21|self_collision:7
760,0.6119968891143799,36.333333333333336,0.4270833333333333,-0.12399454414844513,0.1239824965596199,9.912710189819336,4.916395664215088,0.0625,1282.0403604507446,max_steps:41|joint_limit:25|pos_err_exceeded:19|self_collision:9
770,0.6378645896911621,38.53125,0.46875,-0.15171317756175995,0.06290242075920105,9.937552452087402,0.2077125906944275,0.06944444444444445,1298.658198595047,max_steps:45|pos_err_exceeded:26|joint_limit:17|self_collision:5
780,0.5856596827507019,33.28125,0.4375,-0.13899801671504974,0.09887441992759705,9.884190559387207,3.1666419506073,0.08333333333333333,1315.333876132965,max_steps:42|pos_err_exceeded:22|joint_limit:18|self_collision:9
790,0.6192928552627563,35.510416666666664,0.4270833333333333,-0.15131494402885437,0.11057066172361374,10.382272720336914,0.10626029968261719,0.010416666666666666,1332.131413936615,max_steps:41|pos_err_exceeded:24|joint_limit:20|self_collision:9
800,0.5557557344436646,33.375,0.3541666666666667,0.011831521987915039,0.1266193389892578,10.011809349060059,1.0079452991485596,0.0625,1348.956109046936,max_steps:34|pos_err_exceeded:30|joint_limit:25|init_ik_fail:4
810,0.5241556167602539,32.302083333333336,0.3645833333333333,0.10996530950069427,0.16618651151657104,9.659619331359863,0.6267023086547852,0.08333333333333333,1365.6999413967133,max_steps:35|joint_limit:32|pos_err_exceeded:19|self_collision:7
820,0.6179184317588806,36.864583333333336,0.4166666666666667,0.06412345916032791,0.10069732367992401,9.780929565429688,0.2535977363586426,0.036458333333333336,1382.5713641643524,max_steps:40|joint_limit:24|pos_err_exceeded:22|self_collision:8
830,0.5301833748817444,31.1875,0.3645833333333333,0.10025159269571304,0.1002248078584671,9.039716720581055,1.0403320789337158,0.07291666666666667,1399.2751417160034,max_steps:35|joint_limit:34|pos_err_exceeded:19|self_collision:5
840,0.5537999868392944,33.375,0.375,0.017994554713368416,0.09693140536546707,9.267837524414062,0.19812703132629395,0.052083333333333336,1415.8974206447601,max_steps:36|joint_limit:27|pos_err_exceeded:23|self_collision:8
850,0.6838127970695496,39.84375,0.5,-0.09335844218730927,0.10075752437114716,9.173139572143555,0.3916688859462738,0.13541666666666666,1432.5606915950775,max_steps:48|joint_limit:21|pos_err_exceeded:20|self_collision:4
860,0.5297188758850098,32.052083333333336,0.2916666666666667,0.09405563771724701,0.07181015610694885,8.998043060302734,1.4795331954956055,0.140625,1449.2145533561707,pos_err_exceeded:31|joint_limit:29|max_steps:28|self_collision:6
870,0.6449165344238281,39.59375,0.4583333333333333,0.013532079756259918,0.09264174848794937,9.392658233642578,0.930614709854126,0.12760416666666666,1465.9328496456146,max_steps:44|joint_limit:27|pos_err_exceeded:19|self_collision:6
880,0.649587869644165,39.0,0.3958333333333333,-0.18492430448532104,0.0739227831363678,9.065885543823242,0.5844014883041382,0.08333333333333333,1482.5471317768097,max_steps:38|joint_limit:33|pos_err_exceeded:22|self_collision:2
890,0.6631592512130737,40.09375,0.5,-0.10968939960002899,0.11758274585008621,9.037677764892578,0.17567108571529388,0.06770833333333333,1499.2155632972717,max_steps:48|joint_limit:22|pos_err_exceeded:20|self_collision:3
900,0.6697465777397156,39.65625,0.5,-0.0755997821688652,0.08196772634983063,9.579874038696289,0.11026536673307419,0.07291666666666667,1516.0300750732422,max_steps:48|pos_err_exceeded:22|joint_limit:18|self_collision:4
910,0.5959007740020752,35.875,0.4375,-0.4796487092971802,0.08866702765226364,9.171690940856934,0.26261720061302185,0.010416666666666666,1532.8313329219818,max_steps:42|pos_err_exceeded:25|joint_limit:21|self_collision:5
920,0.640139102935791,39.25,0.4583333333333333,-0.3771345019340515,0.08647654205560684,9.034744262695312,0.8820537328720093,0.11458333333333333,1549.5635831356049,max_steps:44|joint_limit:23|pos_err_exceeded:22|self_collision:5
930,0.5846590399742126,36.5,0.4166666666666667,-0.17998996376991272,0.06970852613449097,8.698827743530273,0.14357787370681763,0.10416666666666667,1566.26540517807,max_steps:40|joint_limit:25|pos_err_exceeded:21|self_collision:8
940,0.5925518274307251,36.614583333333336,0.3854166666666667,-0.1642020344734192,0.06918267905712128,8.632143020629883,0.1330273449420929,0.09375,1583.0322105884552,max_steps:37|pos_err_exceeded:29|joint_limit:25|self_collision:4
950,0.6061458587646484,36.5625,0.3958333333333333,-0.16814005374908447,0.06388315558433533,8.663721084594727,1.8526875972747803,0.11458333333333333,1599.6691291332245,max_steps:38|joint_limit:31|pos_err_exceeded:19|self_collision:7
960,0.5486215353012085,31.708333333333332,0.3645833333333333,-0.39889442920684814,0.14819306135177612,8.606444358825684,0.23509328067302704,0.08333333333333333,1616.348950624466,max_steps:35|joint_limit:31|pos_err_exceeded:20|self_collision:6
970,0.6369870901107788,38.989583333333336,0.5,0.01337517611682415,0.044032983481884,9.345412254333496,0.1013728603720665,0.1423611111111111,1633.1308226585388,max_steps:48|joint_limit:27|pos_err_exceeded:12|self_collision:7
980,0.6375450491905212,38.614583333333336,0.4479166666666667,0.063585065305233,0.15580548346042633,9.988510131835938,0.2665351629257202,0.052083333333333336,1650.042164325714,max_steps:43|pos_err_exceeded:25|joint_limit:22|self_collision:6
990,0.4982616603374481,28.791666666666668,0.3125,0.07931490987539291,0.12903434038162231,9.251001358032227,0.22780798375606537,0.057291666666666664,1666.7518181800842,joint_limit:32|max_steps:30|pos_err_exceeded:25|self_collision:9
1000,0.5968053340911865,35.729166666666664,0.40625,-0.3867340683937073,0.11816863715648651,9.812299728393555,0.13366596400737762,0.03125,1683.5146453380585,max_steps:39|pos_err_exceeded:27|joint_limit:23|self_collision:6
1010,0.6808894872665405,39.364583333333336,0.5,-0.027328351512551308,0.08841521292924881,9.854724884033203,0.3453913927078247,0.046875,1700.3974232673645,max_steps:48|joint_limit:27|pos_err_exceeded:17|self_collision:4
1020,0.6425751447677612,37.260416666666664,0.4375,-0.026963824406266212,0.0999549925327301,9.055879592895508,0.2034609317779541,0.041666666666666664,1717.2417168617249,max_steps:42|joint_limit:25|pos_err_exceeded:20|self_collision:8
1030,0.644341230392456,38.291666666666664,0.46875,0.3471788465976715,0.12325622886419296,9.812324523925781,0.5757764577865601,0.041666666666666664,1733.860641002655,max_steps:45|joint_limit:25|pos_err_exceeded:20|self_collision:5
1040,0.5652731657028198,32.916666666666664,0.3333333333333333,-0.0006597459432668984,0.08167419582605362,9.984359741210938,0.1168617457151413,0.04513888888888889,1750.5841250419617,max_steps:32|pos_err_exceeded:31|joint_limit:23|self_collision:7
1050,0.6090497374534607,36.479166666666664,0.4375,-0.16791345179080963,0.06891800463199615,9.707080841064453,0.1751990020275116,0.03125,1767.2801988124847,max_steps:42|joint_limit:32|pos_err_exceeded:18|self_collision:3
1060,0.596651554107666,36.041666666666664,0.40625,0.000752753927372396,0.08880604058504105,9.568428039550781,0.16749975085258484,0.036458333333333336,1783.955120563507,max_steps:39|joint_limit:30|pos_err_exceeded:22|self_collision:5
1070,0.6029194593429565,35.760416666666664,0.3958333333333333,-0.1540500819683075,0.052813656628131866,9.055898666381836,1.5994676351547241,0.07291666666666667,1800.628547668457,max_steps:38|joint_limit:25|pos_err_exceeded:21|self_collision:10
1080,0.6000577211380005,34.864583333333336,0.4375,0.042521897703409195,0.08754865825176239,9.293161392211914,1.0849322080612183,0.0,1817.2527060508728,max_steps:42|pos_err_exceeded:24|joint_limit:20|self_collision:10
1090,0.6758829951286316,39.979166666666664,0.4166666666666667,-0.03083411604166031,0.04751492291688919,9.157840728759766,0.7206239700317383,0.06770833333333333,1834.0961396694183,max_steps:40|joint_limit:31|pos_err_exceeded:19|self_collision:6
1100,0.6796834468841553,41.614583333333336,0.5,0.11877041310071945,0.13879597187042236,8.82219123840332,1.425278663635254,0.052083333333333336,1850.7501652240753,max_steps:48|joint_limit:25|pos_err_exceeded:11|self_collision:11
1110,0.6264327764511108,36.65625,0.40625,-0.06810969859361649,0.07438711076974869,8.66411018371582,15.762873649597168,0.15625,1867.3498561382294,max_steps:39|joint_limit:23|pos_err_exceeded:22|self_collision:12
1120,0.5583920478820801,34.614583333333336,0.3541666666666667,-0.0019329419592395425,0.11515304446220398,9.40289306640625,1.2096893787384033,0.10416666666666667,1883.9471361637115,max_steps:34|joint_limit:30|pos_err_exceeded:24|self_collision:5
1130,0.5500545501708984,32.572916666666664,0.40625,-0.22320859134197235,0.05890228599309921,8.959108352661133,5.442716598510742,0.10416666666666667,1900.4976165294647,max_steps:39|joint_limit:26|pos_err_exceeded:22|init_ik_fail:5
1140,0.579518735408783,34.583333333333336,0.3958333333333333,0.16472044587135315,0.11305485665798187,8.825712203979492,0.4075782299041748,0.07291666666666667,1917.0442261695862,max_steps:38|joint_limit:31|pos_err_exceeded:24|self_collision:2
1150,0.6611118316650391,40.0625,0.4479166666666667,-0.09793205559253693,0.06300119310617447,8.406326293945312,1.465557336807251,0.052083333333333336,1933.6778383255005,max_steps:43|pos_err_exceeded:24|joint_limit:18|self_collision:9
1160,0.5876309871673584,34.5625,0.4166666666666667,-0.07002419233322144,0.08763552457094193,8.083471298217773,5.48652982711792,0.14583333333333334,1950.3984236717224,max_steps:40|pos_err_exceeded:23|joint_limit:21|self_collision:9
1170,0.6344302892684937,36.666666666666664,0.4166666666666667,0.18035851418972015,0.07652470469474792,8.442413330078125,0.15940476953983307,0.11979166666666667,1967.1168019771576,max_steps:40|joint_limit:25|pos_err_exceeded:18|self_collision:11
1180,0.5951732397079468,35.854166666666664,0.4270833333333333,-0.060102567076683044,0.09003111720085144,7.65704870223999,0.7192230224609375,0.0625,1983.7227592468262,max_steps:41|joint_limit:25|pos_err_exceeded:22|self_collision:8
1190,0.6389725804328918,39.114583333333336,0.4479166666666667,0.15363746881484985,0.08493294566869736,7.9492340087890625,1.9638298749923706,0.11458333333333333,2000.4826917648315,max_steps:43|joint_limit:23|pos_err_exceeded:23|self_collision:5
1200,0.6305360794067383,38.625,0.46875,0.13779273629188538,0.13017848134040833,7.5725531578063965,0.5935775637626648,0.11458333333333333,2017.2368998527527,max_steps:45|joint_limit:22|pos_err_exceeded:19|self_collision:7
1210,0.620802104473114,36.822916666666664,0.4375,0.05334896221756935,0.15080004930496216,7.559739589691162,20.041669845581055,0.14583333333333334,2034.0387737751007,max_steps:42|joint_limit:24|pos_err_exceeded:23|init_ik_fail:4
1220,0.5187661647796631,29.666666666666668,0.3333333333333333,-0.26598793268203735,0.09871683269739151,7.5382232666015625,3.632786512374878,0.0625,2050.6956589221954,max_steps:32|pos_err_exceeded:28|joint_limit:24|self_collision:9
1230,0.627133309841156,38.989583333333336,0.4270833333333333,0.37169981002807617,0.18931014835834503,7.814032554626465,1.1937118768692017,0.13541666666666666,2067.3996608257294,max_steps:41|pos_err_exceeded:24|joint_limit:20|self_collision:8
1240,0.5996439456939697,36.572916666666664,0.3958333333333333,0.14850738644599915,0.10069286823272705,8.238739967346191,6.01304817199707,0.11458333333333333,2084.0310628414154,max_steps:38|joint_limit:27|pos_err_exceeded:24|self_collision:5
1250,0.5613314509391785,33.979166666666664,0.3645833333333333,-0.041037820279598236,0.0832032710313797,7.9234209060668945,1.7480809688568115,0.15625,2100.642795562744,max_steps:35|pos_err_exceeded:27|joint_limit:24|self_collision:8
1260,0.5833953619003296,35.364583333333336,0.375,-0.15432840585708618,0.06492915004491806,8.716325759887695,7.642394542694092,0.11458333333333333,2117.2206268310547,max_steps:36|joint_limit:30|pos_err_exceeded:23|self_collision:5
1270,0.6263954043388367,38.604166666666664,0.4583333333333333,-0.0885576531291008,0.13368935883045197,8.608846664428711,1.0674182176589966,0.07291666666666667,2133.7840061187744,max_steps:44|pos_err_exceeded:23|joint_limit:20|self_collision:6
1280,0.5283615589141846,32.40625,0.3125,-0.06038519740104675,0.07945995032787323,9.336579322814941,0.6871545314788818,0.041666666666666664,2150.458434820175,max_steps:30|joint_limit:28|pos_err_exceeded:25|self_collision:10
1290,0.6448333263397217,38.875,0.4479166666666667,0.19935385882854462,0.08600756525993347,9.670557022094727,0.7526888847351074,0.03125,2167.095762014389,max_steps:43|pos_err_exceeded:22|joint_limit:20|self_collision:9
1300,0.5975648760795593,35.177083333333336,0.40625,0.1522907167673111,0.10478338599205017,10.075668334960938,11.473928451538086,0.08333333333333333,2183.9027569293976,max_steps:39|pos_err_exceeded:26|joint_limit:26|self_collision:4
1310,0.6660976409912109,40.010416666666664,0.5208333333333334,0.1020875945687294,0.11510035395622253,9.338443756103516,0.39497503638267517,0.03125,2200.6355521678925,max_steps:50|joint_limit:29|pos_err_exceeded:11|self_collision:6
1320,0.6447817087173462,37.947916666666664,0.46875,0.16605183482170105,0.10896838456392288,9.311417579650879,0.10709142684936523,0.041666666666666664,2217.27663064003,max_steps:45|joint_limit:24|pos_err_exceeded:18|self_collision:8
1330,0.587857723236084,33.09375,0.4166666666666667,-0.09471561014652252,0.08370865136384964,9.512247085571289,1.144965648651123,0.052083333333333336,2234.1238992214203,max_steps:40|joint_limit:23|pos_err_exceeded:20|self_collision:8
1340,0.6352970004081726,35.822916666666664,0.4479166666666667,0.09034948796033859,0.09678229689598083,9.903250694274902,0.360897958278656,0.052083333333333336,2250.935575723648,max_steps:43|joint_limit:25|pos_err_exceeded:19|self_collision:5
1350,0.6596701741218567,40.09375,0.4791666666666667,0.37096208333969116,0.10731235146522522,10.027547836303711,0.3512706756591797,0.041666666666666664,2267.7335410118103,max_steps:46|pos_err_exceeded:20|joint_limit:20|self_collision:9
1360,0.5473343133926392,31.291666666666668,0.3541666666666667,0.0673258900642395,0.14587879180908203,9.49887466430664,0.5858307480812073,0.14583333333333334,2284.4593296051025,max_steps:34|joint_limit:28|pos_err_exceeded:26|self_collision:6
1370,0.6041744947433472,35.03125,0.40625,-0.06443512439727783,0.0995539054274559,9.329530715942383,0.3249426782131195,0.0625,2301.1705243587494,max_steps:39|pos_err_exceeded:26|joint_limit:21|self_collision:9
1380,0.5684534311294556,33.885416666666664,0.3854166666666667,-0.24415461719036102,0.082428477704525,9.736480712890625,1.101733922958374,0.03125,2317.8445353507996,max_steps:37|joint_limit:27|pos_err_exceeded:24|self_collision:8
1390,0.5663821697235107,33.625,0.3541666666666667,0.1497768610715866,0.09655482321977615,9.579466819763184,0.5090047717094421,0.06770833333333333,2334.561811208725,max_steps:34|joint_limit:26|pos_err_exceeded:26|self_collision:7
1400,0.5799241065979004,34.052083333333336,0.375,0.2523644268512726,0.12237050384283066,9.516814231872559,1.3264567852020264,0.08333333333333333,2351.198689699173,max_steps:36|joint_limit:29|pos_err_exceeded:17|self_collision:9
1410,0.563259482383728,33.979166666666664,0.3645833333333333,0.07270892709493637,0.060119155794382095,8.839887619018555,3.2236695289611816,0.14583333333333334,2367.7689249515533,max_steps:35|pos_err_exceeded:26|joint_limit:25|init_ik_fail:5
1420,0.6207005977630615,36.083333333333336,0.4375,-0.08180471509695053,0.0717913806438446,8.954669952392578,0.3720720410346985,0.08854166666666667,2384.5089564323425,max_steps:42|pos_err_exceeded:28|joint_limit:20|self_collision:3
1430,0.5882151126861572,34.927083333333336,0.4375,0.1611880511045456,0.11006032675504684,8.992155075073242,2.870290756225586,0.125,2401.0973796844482,max_steps:42|pos_err_exceeded:24|joint_limit:21|self_collision:8
1440,0.6672419309616089,38.0,0.4270833333333333,0.05725369229912758,0.08096016943454742,9.334230422973633,0.3728417158126831,0.09375,2417.932146549225,max_steps:41|joint_limit:24|pos_err_exceeded:20|self_collision:7
1450,0.6512494087219238,38.645833333333336,0.46875,0.1539776623249054,0.08960692584514618,8.867884635925293,0.5119754672050476,0.11458333333333333,2434.733232975006,max_steps:45|pos_err_exceeded:24|joint_limit:21|self_collision:5
1460,0.6244720220565796,36.28125,0.4583333333333333,-0.07880903035402298,0.12273716926574707,9.44594669342041,0.34260138869285583,0.041666666666666664,2451.478684902191,max_steps:44|joint_limit:21|pos_err_exceeded:21|self_collision:8
1470,0.6116244196891785,35.677083333333336,0.4479166666666667,0.15191924571990967,0.11133544147014618,8.97891616821289,0.9370543360710144,0.11458333333333333,2468.284916639328,max_steps:43|joint_limit:27|pos_err_exceeded:17|self_collision:8
1480,0.5896502733230591,32.979166666666664,0.3958333333333333,0.324476033449173,0.11232385784387589,8.0927734375,0.137456476688385,0.11458333333333333,2485.169273853302,max_steps:38|joint_limit:27|pos_err_exceeded:24|self_collision:5
1490,0.5317704677581787,31.479166666666668,0.34375,-0.03736310824751854,0.10860389471054077,7.986228942871094,3.2686619758605957,0.14583333333333334,2502.0636961460114,max_steps:33|joint_limit:30|pos_err_exceeded:22|self_collision:10
1500,0.6031679511070251,36.6875,0.375,-0.04402860999107361,0.1080639660358429,8.139993667602539,0.32029789686203003,0.11979166666666667,2518.799463748932,max_steps:36|joint_limit:27|pos_err_exceeded:26|self_collision:6
