iter,buffer_size,mean_R,mean_raw_R,mean_oracle_raw_R,mean_len,mean_T,success_rate,q_loss,pi_loss,alpha,entropy,wall,reasons
1,4096,0.6269305944442749,0.2699776933676268,0.4222422359846778,38.201171875,150.734375,0.06787109375,0.05320696532726288,-1.0232064723968506,0.049970000982284546,2.718503713607788,6.460657596588135,pos_err_exceeded:1307|joint_limit:486|max_steps:139|self_collision:106
10,22528,0.5700986385345459,0.36150796866456114,0.589033264128068,48.74951171875,145.9375,0.1455078125,0.071937695145607,-0.7552214860916138,0.04970082640647888,2.7048683166503906,33.169013023376465,pos_err_exceeded:1097|joint_limit:525|max_steps:298|self_collision:121
20,43008,0.636322021484375,0.304061386457841,0.4600417153130581,36.7744140625,139.0625,0.0986328125,0.06930390000343323,-0.7625146508216858,0.04940301552414894,2.729177236557007,61.332935094833374,pos_err_exceeded:1149|joint_limit:555|max_steps:202|self_collision:137
30,63488,0.6545512676239014,0.3795885687538496,0.5785899269924408,47.767578125,132.5625,0.158203125,0.05195459723472595,-0.7196991443634033,0.049107082188129425,2.721954345703125,90.07701587677002,pos_err_exceeded:1134|joint_limit:502|max_steps:324|self_collision:82
40,83968,0.5780344605445862,0.3920729719964561,0.5970741695557578,50.51171875,138.859375,0.1650390625,0.0516229122877121,-0.8237280249595642,0.04881308972835541,2.74467396736145,118.40728306770325,pos_err_exceeded:957|joint_limit:542|max_steps:338|self_collision:135
50,104448,0.6271858215332031,0.3643367640269708,0.5527180476701865,46.171875,146.515625,0.1201171875,0.050185613334178925,-0.8067671060562134,0.04852110892534256,2.702204942703247,147.48335027694702,pos_err_exceeded:1111|joint_limit:493|max_steps:246|self_collision:180
60,124928,0.601975679397583,0.3300026353295815,0.4880106250259319,39.66796875,145.203125,0.16259765625,0.06117085739970207,-0.7044530510902405,0.04823131114244461,2.6873021125793457,176.48648357391357,pos_err_exceeded:1149|max_steps:333|joint_limit:316|self_collision:238
70,145408,0.6285290718078613,0.3963762390374166,0.6234591212194651,43.7763671875,132.0625,0.197265625,0.06524299085140228,-0.7307934165000916,0.047943565994501114,2.641720771789551,206.01346826553345,pos_err_exceeded:1110|joint_limit:406|max_steps:404|self_collision:114
80,165888,0.6158424615859985,0.4061820790573981,0.619602389588257,45.703125,133.171875,0.20263671875,0.06973612308502197,-0.6500929594039917,0.04765777662396431,2.659691095352173,235.92234826087952,pos_err_exceeded:968|joint_limit:476|max_steps:415|self_collision:184
90,186368,0.6649273633956909,0.4062633521698963,0.5809709396005149,45.17431640625,129.890625,0.20068359375,0.08589821308851242,-0.739609956741333,0.047373753041028976,2.7119832038879395,264.67978525161743,pos_err_exceeded:1092|joint_limit:416|max_steps:411|self_collision:85
100,200000,0.6835817098617554,0.3695273815519101,0.5098145284247035,48.958984375,152.125,0.11083984375,0.08012425899505615,-0.7202142477035522,0.04709150642156601,2.599201202392578,293.18617844581604,pos_err_exceeded:1176|joint_limit:574|max_steps:227|self_collision:67
110,200000,0.6072262525558472,0.36551925822532083,0.5786863453730923,43.81591796875,136.703125,0.1455078125,0.06577685475349426,-0.7023857235908508,0.04681071639060974,2.6780714988708496,322.7277443408966,pos_err_exceeded:1196|joint_limit:453|max_steps:298|self_collision:91
120,200000,0.6422334909439087,0.37171896191967624,0.5518607047211646,47.66552734375,145.03125,0.1708984375,0.07910610735416412,-0.7152888178825378,0.046531323343515396,2.6712136268615723,351.5728371143341,pos_err_exceeded:1135|joint_limit:430|max_steps:350|self_collision:131
130,200000,0.5837875604629517,0.33543268713375246,0.507447225500187,38.65283203125,133.453125,0.1474609375,0.06203156337141991,-0.7037124633789062,0.046253595501184464,2.6322460174560547,382.7631022930145,pos_err_exceeded:1094|joint_limit:467|max_steps:302|self_collision:167
140,200000,0.6442110538482666,0.36822125589112853,0.5777354953988586,52.4990234375,149.578125,0.150390625,0.06474121659994125,-0.7198864221572876,0.045977815985679626,2.652616024017334,413.0044255256653,pos_err_exceeded:1162|joint_limit:481|max_steps:308|self_collision:74
150,200000,0.6712523698806763,0.3986185919444376,0.5935094112401521,44.32470703125,125.78125,0.1533203125,0.06482861936092377,-0.769856333732605,0.04570349305868149,2.6623854637145996,442.31194519996643,pos_err_exceeded:1114|joint_limit:506|max_steps:314|self_collision:91
160,200000,0.5709217190742493,0.3787144799813823,0.5790330605481576,45.78369140625,130.25,0.15771484375,0.0659862607717514,-0.6740592122077942,0.045430395752191544,2.608917713165283,471.4953148365021,pos_err_exceeded:981|joint_limit:492|max_steps:323|self_collision:249
170,200000,0.6486955881118774,0.3737605820046572,0.5828074410922031,47.376953125,146.359375,0.142578125,0.060137584805488586,-0.7225418090820312,0.04515908658504486,2.6522116661071777,500.68813848495483,pos_err_exceeded:1213|joint_limit:467|max_steps:292|init_ik_fail:38
180,200000,0.6171857714653015,0.33625982639373214,0.5105658515718997,44.54931640625,141.984375,0.10302734375,0.06158764660358429,-0.8171817064285278,0.044889628887176514,2.6781058311462402,531.5061645507812,pos_err_exceeded:1351|joint_limit:347|max_steps:211|self_collision:81
190,200000,0.6389598846435547,0.38550318193288713,0.579762562995212,45.13720703125,139.65625,0.17431640625,0.05729546770453453,-0.7253813147544861,0.04462147876620293,2.6284022331237793,560.4060769081116,pos_err_exceeded:1112|joint_limit:423|max_steps:357|self_collision:106
200,200000,0.6388272643089294,0.39885708689208477,0.5839423180300165,54.59375,143.21875,0.1650390625,0.055773597210645676,-0.7246811389923096,0.04435506835579872,2.637274742126465,589.9692018032074,pos_err_exceeded:1101|joint_limit:505|max_steps:338|self_collision:78
210,200000,0.5991930365562439,0.3572561417931092,0.5420174335433692,42.59228515625,143.015625,0.17041015625,0.06862477958202362,-0.6839064359664917,0.04409012198448181,2.6648387908935547,619.3966946601868,pos_err_exceeded:1138|joint_limit:440|max_steps:349|self_collision:98
220,200000,0.7088961601257324,0.4686355043900562,0.6073667380356178,47.923828125,123.59375,0.27685546875,0.05049990862607956,-0.7124945521354675,0.043826691806316376,2.653071403503418,648.2670202255249,pos_err_exceeded:856|max_steps:567|joint_limit:544|self_collision:77
230,200000,0.6562029123306274,0.40975080901584304,0.6013787788276169,52.44189453125,142.109375,0.138671875,0.07108570635318756,-0.723309338092804,0.04356493055820465,2.668424606323242,678.0899102687836,pos_err_exceeded:1151|joint_limit:477|max_steps:284|self_collision:109
240,200000,0.6507965326309204,0.34013979345863266,0.5085328911042983,44.25537109375,141.359375,0.16357421875,0.06906582415103912,-0.7110295295715332,0.04330480843782425,2.6225576400756836,707.7562940120697,pos_err_exceeded:1150|joint_limit:406|max_steps:335|self_collision:153
250,200000,0.6405431032180786,0.386850202149013,0.591112824080306,47.419921875,141.25,0.1474609375,0.06519309431314468,-0.7574197053909302,0.04304644837975502,2.6812498569488525,737.1804072856903,pos_err_exceeded:1283|joint_limit:372|max_steps:302|self_collision:89
260,200000,0.6314493417739868,0.3746962352048708,0.5471688541813164,44.1728515625,140.625,0.14306640625,0.0744415819644928,-0.724705696105957,0.04278929531574249,2.6663899421691895,766.4567582607269,pos_err_exceeded:1191|joint_limit:498|max_steps:293|self_collision:58
270,200000,0.6170172691345215,0.4003531010655737,0.5793005212381437,50.86328125,143.09375,0.216796875,0.06326758861541748,-0.7515854835510254,0.04253346845507622,2.6569314002990723,796.3963434696198,pos_err_exceeded:972|joint_limit:469|max_steps:444|self_collision:127
280,200000,0.6197742223739624,0.352986561503609,0.5368314011212096,41.16650390625,132.515625,0.13134765625,0.050254762172698975,-0.7821327447891235,0.04227946326136589,2.696826457977295,824.4772539138794,pos_err_exceeded:1115|joint_limit:488|max_steps:269|self_collision:132
290,200000,0.6186866164207458,0.3494829021767476,0.5345925081907288,45.0322265625,138.265625,0.15380859375,0.05005643516778946,-0.6902737021446228,0.042027246206998825,2.637296438217163,854.575220823288,pos_err_exceeded:1166|joint_limit:486|max_steps:315|self_collision:81
300,200000,0.6739107370376587,0.4173446476275224,0.5953262813979031,45.81787109375,131.203125,0.2060546875,0.053769826889038086,-0.7400731444358826,0.041776373982429504,2.6327693462371826,883.1818046569824,pos_err_exceeded:1085|joint_limit:472|max_steps:422|self_collision:66
310,200000,0.6241285800933838,0.3227450167335221,0.4941191236912238,41.2138671875,140.171875,0.09619140625,0.06761486083269119,-0.7136628031730652,0.04152680188417435,2.6638290882110596,912.3852684497833,pos_err_exceeded:1272|joint_limit:482|max_steps:197|self_collision:91
320,200000,0.625817596912384,0.3664548474817439,0.5558574600714286,46.61279296875,141.859375,0.1455078125,0.07959069311618805,-0.7022411823272705,0.04127887636423111,2.6485612392425537,941.6666212081909,pos_err_exceeded:1218|joint_limit:445|max_steps:298|self_collision:85
330,200000,0.6589345335960388,0.39089439881898824,0.5433127709391246,50.42822265625,146.09375,0.1904296875,0.07866226136684418,-0.7182689905166626,0.04103219509124756,2.655332565307617,971.5194334983826,pos_err_exceeded:1026|joint_limit:477|max_steps:390|self_collision:151
340,200000,0.5988244414329529,0.35676950264173024,0.5653393425354308,44.27587890625,136.640625,0.13623046875,0.06257274746894836,-0.6750400066375732,0.04078720510005951,2.6694836616516113,1000.5078291893005,pos_err_exceeded:1117|joint_limit:434|max_steps:279|self_collision:181
350,200000,0.689929723739624,0.3842132765259395,0.5215120590991024,50.14697265625,145.453125,0.138671875,0.07215486466884613,-0.7517521381378174,0.04054392874240875,2.6046411991119385,1030.6911761760712,pos_err_exceeded:1258|joint_limit:429|max_steps:284|self_collision:73
360,200000,0.5893871784210205,0.3423779330377354,0.5092147350702151,40.03125,138.578125,0.13134765625,0.07213130593299866,-0.6794100999832153,0.04030229523777962,2.6624748706817627,1060.5606725215912,pos_err_exceeded:1038|joint_limit:530|max_steps:269|self_collision:199
370,200000,0.666350781917572,0.364470330098126,0.5161114741735646,43.62255859375,141.78125,0.1474609375,0.06045489385724068,-0.7753231525421143,0.040061548352241516,2.6718268394470215,1089.3005754947662,pos_err_exceeded:1230|joint_limit:396|max_steps:302|self_collision:120
380,200000,0.6986173987388611,0.42309333479759337,0.5709862539202794,50.47412109375,137.609375,0.17529296875,0.040684301406145096,-0.7274556756019592,0.03982219845056534,2.6319875717163086,1118.98442029953,pos_err_exceeded:1057|joint_limit:510|max_steps:359|self_collision:99
390,200000,0.5850889682769775,0.3680129156324891,0.5341531248945545,39.79150390625,135.78125,0.18359375,0.06589557975530624,-0.7107051610946655,0.03958454728126526,2.68707537651062,1149.3649752140045,pos_err_exceeded:989|joint_limit:462|max_steps:376|self_collision:198
400,200000,0.6603019833564758,0.3706772977220554,0.5469336936943427,45.560546875,136.671875,0.18017578125,0.07218150794506073,-0.7592631578445435,0.0393480584025383,2.64583158493042,1178.1445631980896,pos_err_exceeded:1020|joint_limit:480|max_steps:369|self_collision:164
410,200000,0.611412525177002,0.35521503953700173,0.5261306037891623,52.04248046875,158.78125,0.0927734375,0.056163765490055084,-0.7731584310531616,0.03911343961954117,2.6118969917297363,1207.7116875648499,pos_err_exceeded:1031|joint_limit:533|self_collision:261|max_steps:190
420,200000,0.5801553130149841,0.3133962915111589,0.5140047956081439,40.52001953125,142.78125,0.11083984375,0.05062899738550186,-0.6909570693969727,0.03887990489602089,2.669856071472168,1237.9294083118439,pos_err_exceeded:1179|joint_limit:452|max_steps:227|self_collision:165
430,200000,0.6921136379241943,0.38254709719178703,0.5427085816550952,47.67138671875,138.609375,0.171875,0.056705061346292496,-0.7207872271537781,0.03864746913313866,2.583329439163208,1267.3572959899902,pos_err_exceeded:1150|joint_limit:404|max_steps:352|self_collision:140
440,200000,0.5862236022949219,0.3002008015297972,0.4577244481348518,40.6474609375,148.09375,0.06787109375,0.05890936404466629,-0.6926584243774414,0.038416583091020584,2.662163734436035,1296.3778653144836,pos_err_exceeded:1206|joint_limit:530|self_collision:150|max_steps:139
450,200000,0.6543865203857422,0.38913345468864147,0.5680176286035814,46.57080078125,133.125,0.1884765625,0.06825423240661621,-0.7022270560264587,0.03818719834089279,2.6299359798431396,1325.8103070259094,pos_err_exceeded:1125|joint_limit:432|max_steps:386|self_collision:91
460,200000,0.6105209589004517,0.3243916800865214,0.5116649061564247,41.583984375,148.984375,0.13623046875,0.05336768552660942,-0.7588855028152466,0.03795929253101349,2.6427865028381348,1355.8345522880554,pos_err_exceeded:1033|joint_limit:616|max_steps:279|self_collision:117
470,200000,0.6561274528503418,0.3479199066386738,0.5005462471791446,39.8212890625,141.734375,0.140625,0.06174111366271973,-0.6544946432113647,0.03773270919919014,2.661764144897461,1384.5557661056519,pos_err_exceeded:1271|joint_limit:347|max_steps:288|self_collision:132
480,200000,0.6326684355735779,0.36320925297373274,0.5574291541651635,43.49169921875,140.375,0.15966796875,0.051011599600315094,-0.6681627035140991,0.03750737011432648,2.62618350982666,1413.9099152088165,pos_err_exceeded:1082|joint_limit:545|max_steps:327|self_collision:86
490,200000,0.6187238693237305,0.32550199323266227,0.5014409032699787,43.12890625,146.890625,0.09912109375,0.0619235560297966,-0.6880854368209839,0.03728318214416504,2.605243682861328,1444.110675573349,pos_err_exceeded:1196|joint_limit:453|max_steps:203|self_collision:169
500,200000,0.6437519788742065,0.38969162725134526,0.5773600640368692,46.98876953125,140.171875,0.16064453125,0.04675421118736267,-0.675499439239502,0.03706079721450806,2.6096062660217285,1473.6605370044708,pos_err_exceeded:1156|joint_limit:390|max_steps:329|self_collision:135
510,200000,0.6423268914222717,0.38603536016160744,0.5932402465321036,49.7275390625,141.21875,0.17236328125,0.04360051080584526,-0.7343776226043701,0.03683987632393837,2.628115177154541,1503.187079668045,pos_err_exceeded:1141|joint_limit:454|max_steps:353|self_collision:69
520,200000,0.6565947532653809,0.44405494775874077,0.6332520691346448,49.65673828125,140.234375,0.177734375,0.05568060278892517,-0.7554807066917419,0.03662020340561867,2.59320330619812,1531.9814529418945,pos_err_exceeded:979|joint_limit:552|max_steps:364|self_collision:149
530,200000,0.6952002048492432,0.43597525245238544,0.6134709524834198,51.96240234375,135.25,0.255859375,0.05669578164815903,-0.7564195990562439,0.036401793360710144,2.6383755207061768,1561.5006828308105,pos_err_exceeded:974|max_steps:524|joint_limit:471|self_collision:66
540,200000,0.5967898368835449,0.3046015952269848,0.49362035591223785,42.3134765625,150.0,0.111328125,0.04119875654578209,-0.7175151109695435,0.03618462756276131,2.6240527629852295,1591.3802881240845,pos_err_exceeded:1153|joint_limit:443|max_steps:228|self_collision:172
550,200000,0.6214020848274231,0.3525443599005439,0.5434629846556945,46.67529296875,143.671875,0.1298828125,0.05454836040735245,-0.6918920874595642,0.03596868738532066,2.6183362007141113,1621.477702140808,pos_err_exceeded:1070|joint_limit:595|max_steps:266|self_collision:115
560,200000,0.617276668548584,0.3788196866228142,0.5900694292009617,45.67529296875,136.984375,0.14208984375,0.04941341280937195,-0.7516094446182251,0.03575402870774269,2.6337881088256836,1650.9044706821442,pos_err_exceeded:1249|joint_limit:432|max_steps:291|self_collision:71
570,200000,0.6422638297080994,0.3463302543753276,0.4887780315273993,39.00341796875,141.78125,0.15673828125,0.06583775579929352,-0.7413858771324158,0.03554100915789604,2.5455312728881836,1679.5151760578156,pos_err_exceeded:1215|joint_limit:382|max_steps:321|self_collision:120
580,200000,0.6480512619018555,0.4005937374391967,0.5649404095232774,45.70751953125,129.15625,0.17333984375,0.05764586105942726,-0.683234453201294,0.03532940149307251,2.6303153038024902,1709.078224182129,pos_err_exceeded:1027|joint_limit:526|max_steps:355|self_collision:94
590,200000,0.6345563530921936,0.36626068151576113,0.5162537627146713,45.05126953125,140.703125,0.14501953125,0.06224093586206436,-0.7273088693618774,0.03511923924088478,2.6231141090393066,1738.5512545108795,pos_err_exceeded:1239|joint_limit:351|max_steps:297|self_collision:156
600,200000,0.6401702165603638,0.33689509936456014,0.4798572308154002,42.24951171875,146.28125,0.12353515625,0.06524999439716339,-0.6644952893257141,0.0349101759493351,2.6092424392700195,1785.4957821369171,pos_err_exceeded:1212|joint_limit:369|max_steps:253|self_collision:157
610,200000,0.6357200145721436,0.3333370421447159,0.5093529119872584,43.79541015625,140.953125,0.08740234375,0.060649704188108444,-0.6652732491493225,0.03470206260681152,2.640359401702881,1837.1260266304016,pos_err_exceeded:1144|joint_limit:544|max_steps:179|self_collision:177
620,200000,0.6300954818725586,0.3475849835416165,0.4914052831069905,40.02001953125,133.078125,0.140625,0.0434037521481514,-0.7250626087188721,0.03449534252285957,2.6564483642578125,1888.4498760700226,pos_err_exceeded:1117|joint_limit:427|max_steps:288|self_collision:157
630,200000,0.6619312763214111,0.36347426798516047,0.5344203325400416,42.94970703125,136.265625,0.1181640625,0.05479450523853302,-0.651211678981781,0.03428950160741806,2.548581123352051,1940.1415784358978,pos_err_exceeded:1353|joint_limit:378|max_steps:242|self_collision:61
640,200000,0.6118971109390259,0.33725925530396944,0.5144474359939719,34.68505859375,128.078125,0.111328125,0.05425290763378143,-0.7136883735656738,0.03408542275428772,2.5684564113616943,1991.5675837993622,pos_err_exceeded:1225|joint_limit:450|max_steps:228|self_collision:136
650,200000,0.655147910118103,0.43668642713477124,0.6142743832769151,50.357421875,136.046875,0.20751953125,0.06571200489997864,-0.6730961799621582,0.03388245031237602,2.6263179779052734,2100.2292473316193,pos_err_exceeded:1038|joint_limit:456|max_steps:425|self_collision:75
660,200000,0.6330487728118896,0.3460660703309145,0.5330242438175319,43.06689453125,139.765625,0.1328125,0.06082224100828171,-0.7263327836990356,0.03368043527007103,2.5688931941986084,2151.888556957245,pos_err_exceeded:1187|joint_limit:450|max_steps:272|self_collision:81
670,200000,0.645351231098175,0.37236186874504174,0.5619335590966517,46.8310546875,146.421875,0.14599609375,0.04166332632303238,-0.7132346630096436,0.03347953036427498,2.6264090538024902,2203.24214220047,pos_err_exceeded:1158|joint_limit:473|max_steps:299|self_collision:108
680,200000,0.5973365902900696,0.39156765993371456,0.6061020110349906,44.5634765625,134.21875,0.15087890625,0.04520157352089882,-0.715246319770813,0.033280160278081894,2.6265270709991455,2255.5875391960144,pos_err_exceeded:1049|joint_limit:580|max_steps:309|self_collision:108
690,200000,0.6762723922729492,0.4556457743219102,0.6696664586600758,51.125,128.515625,0.21240234375,0.03443713113665581,-0.6932262182235718,0.0330812893807888,2.5635201930999756,2307.5016186237335,pos_err_exceeded:1019|joint_limit:461|max_steps:435|self_collision:95
700,200000,0.6472066044807434,0.35022313097905433,0.5206515845984027,43.27392578125,134.015625,0.1298828125,0.04558583348989487,-0.7046923637390137,0.0328843891620636,2.599099636077881,2406.623955488205,pos_err_exceeded:1178|joint_limit:554|max_steps:266|self_collision:45
710,200000,0.6827683448791504,0.4360681552041152,0.5789934787412638,45.751953125,135.140625,0.22314453125,0.060305070132017136,-0.73602294921875,0.032688114792108536,2.597670078277588,2445.2823963165283,pos_err_exceeded:1031|max_steps:457|joint_limit:423|self_collision:103
720,200000,0.6871038675308228,0.3960006539555957,0.5483066624063437,48.982421875,145.90625,0.1787109375,0.04294306039810181,-0.693093478679657,0.03249301388859749,2.5819125175476074,2474.3703632354736,pos_err_exceeded:900|joint_limit:516|max_steps:366|self_collision:264
730,200000,0.6699501276016235,0.3214357360475699,0.46722258963060337,39.9130859375,143.890625,0.09716796875,0.05137520283460617,-0.7169092297554016,0.03229929879307747,2.5500292778015137,2504.5158352851868,pos_err_exceeded:1183|joint_limit:486|max_steps:199|self_collision:174
740,200000,0.6560159921646118,0.44865873121511163,0.6273149575859904,57.3212890625,138.234375,0.2138671875,0.041088104248046875,-0.6901679635047913,0.03210696205496788,2.6564698219299316,2533.850620508194,pos_err_exceeded:946|joint_limit:444|max_steps:438|self_collision:217
750,200000,0.7155998349189758,0.40521038216805244,0.5475582421457923,48.8095703125,133.03125,0.150390625,0.04793556407094002,-0.7227694988250732,0.03191542252898216,2.620527982711792,2563.950318813324,pos_err_exceeded:1241|joint_limit:343|max_steps:308|self_collision:147
760,200000,0.6385015249252319,0.3725252358149435,0.5730176779924661,47.6533203125,140.59375,0.16259765625,0.04616217315196991,-0.7228021025657654,0.031724970787763596,2.592461347579956,2593.7776300907135,pos_err_exceeded:1105|joint_limit:484|max_steps:333|self_collision:123
770,200000,0.6760910749435425,0.3497829323675421,0.5203804441817271,46.7734375,147.828125,0.10888671875,0.06711865961551666,-0.7366650104522705,0.031535688787698746,2.637350082397461,2623.1532781124115,pos_err_exceeded:1292|joint_limit:423|max_steps:223|self_collision:76
780,200000,0.6160391569137573,0.3427509242963901,0.5441784167301706,46.90576171875,144.875,0.125,0.0553642213344574,-0.635309636592865,0.031347546726465225,2.644127368927002,2653.1953468322754,pos_err_exceeded:1118|joint_limit:586|max_steps:256|self_collision:83
790,200000,0.5627560615539551,0.28367052506836066,0.4622480545264858,36.1591796875,142.65625,0.11376953125,0.04283467307686806,-0.6696853637695312,0.03116035833954811,2.611142158508301,2682.224693775177,pos_err_exceeded:1133|joint_limit:433|max_steps:233|self_collision:229
800,200000,0.6375934481620789,0.2991565737100187,0.44600421658742856,37.85595703125,140.71875,0.1142578125,0.06543590128421783,-0.7187023162841797,0.03097490593791008,2.582886219024658,2711.619879961014,pos_err_exceeded:1283|joint_limit:430|max_steps:234|self_collision:72
810,200000,0.643868088722229,0.35612474903674574,0.5263578286642971,46.3203125,142.1875,0.095703125,0.049161843955516815,-0.7103785276412964,0.030790220946073532,2.5856542587280273,2740.861752510071,pos_err_exceeded:1306|joint_limit:451|max_steps:196|self_collision:81
820,200000,0.6839331984519958,0.36096193879872085,0.5361792435884818,45.50927734375,141.96875,0.1416015625,0.059501927345991135,-0.7087092399597168,0.0306069515645504,2.5635018348693848,2769.637540102005,pos_err_exceeded:1214|joint_limit:449|max_steps:290|self_collision:51
830,200000,0.6308519840240479,0.37673511472422794,0.563616770552153,46.25830078125,147.609375,0.1796875,0.04547174274921417,-0.7050609588623047,0.03042452409863472,2.632014751434326,2799.25061583519,pos_err_exceeded:1054|joint_limit:489|max_steps:368|self_collision:135
840,200000,0.6653193235397339,0.3839568655096905,0.5532890381936977,46.8681640625,135.015625,0.16650390625,0.06243359297513962,-0.6656330823898315,0.030243322253227234,2.582447052001953,2828.2692108154297,pos_err_exceeded:1148|joint_limit:472|max_steps:341|self_collision:78
850,200000,0.6391364932060242,0.40059760037301634,0.6210710903129836,47.7783203125,137.96875,0.1796875,0.04978882521390915,-0.6909574866294861,0.03006323054432869,2.5764827728271484,2856.9125912189484,pos_err_exceeded:1048|joint_limit:488|max_steps:368|self_collision:135
860,200000,0.6211956739425659,0.3550515129466508,0.514652557310977,43.06103515625,142.96875,0.1728515625,0.060471318662166595,-0.740913450717926,0.029884658753871918,2.587336778640747,2885.6014626026154,pos_err_exceeded:1000|joint_limit:493|max_steps:354|self_collision:123
870,200000,0.6395368576049805,0.32278527522954625,0.48219370839743714,41.2001953125,150.53125,0.13916015625,0.05540957301855087,-0.7269072532653809,0.029706912115216255,2.583491563796997,2915.9916594028473,pos_err_exceeded:1229|joint_limit:429|max_steps:285|self_collision:96
880,200000,0.6468888521194458,0.37497961988707984,0.5363137158812454,43.5537109375,141.578125,0.1962890625,0.04758647084236145,-0.7000777125358582,0.029530350118875504,2.5724852085113525,2945.153783559799,pos_err_exceeded:1090|max_steps:402|joint_limit:397|self_collision:127
890,200000,0.5973213315010071,0.2802869191004541,0.4632511430371785,35.0869140625,146.5,0.06982421875,0.05354754999279976,-0.6380065679550171,0.029354769736528397,2.617286205291748,2975.1546103954315,pos_err_exceeded:1196|joint_limit:501|self_collision:161|max_steps:143
900,200000,0.6389219760894775,0.32178637126252185,0.49897833633891187,35.55224609375,139.3125,0.115234375,0.03986304998397827,-0.7601012587547302,0.02918042428791523,2.527735471725464,3004.347764492035,pos_err_exceeded:1387|joint_limit:368|max_steps:236|self_collision:36
910,200000,0.5947002172470093,0.30991306181233147,0.4752720614517451,40.56494140625,145.546875,0.08984375,0.025745924562215805,-0.7435227632522583,0.0290072001516819,2.589714288711548,3034.1597640514374,pos_err_exceeded:1254|joint_limit:484|max_steps:184|self_collision:81
920,200000,0.6827622652053833,0.42125338923723954,0.5890141748408181,55.84619140625,146.625,0.142578125,0.053626663982868195,-0.6808345317840576,0.0288346316665411,2.514700412750244,3064.268521785736,pos_err_exceeded:1182|joint_limit:459|max_steps:292|self_collision:112
930,200000,0.6698042154312134,0.3395389549183668,0.4831287250018243,42.25146484375,139.296875,0.13720703125,0.04310894012451172,-0.696499764919281,0.02866295538842678,2.5724563598632812,3093.53040266037,pos_err_exceeded:1304|joint_limit:430|max_steps:281|self_collision:17
940,200000,0.6238663196563721,0.27801470447396737,0.4173920721186097,32.01953125,140.109375,0.0908203125,0.039210397750139236,-0.7137638330459595,0.02849220484495163,2.5415635108947754,3123.5204508304596,pos_err_exceeded:1203|joint_limit:473|max_steps:186|self_collision:179
950,200000,0.6597437262535095,0.38629025932495076,0.5478984401709168,47.51220703125,135.140625,0.1337890625,0.05150970071554184,-0.6896852254867554,0.028323043137788773,2.5790786743164062,3170.0511021614075,pos_err_exceeded:1253|joint_limit:399|max_steps:274|self_collision:78
960,200000,0.6410980224609375,0.45182429339705177,0.6406324383521447,56.99462890625,144.265625,0.2158203125,0.05273918807506561,-0.7082152366638184,0.028154319152235985,2.6227431297302246,3222.359210729599,pos_err_exceeded:949|joint_limit:485|max_steps:442|self_collision:121
970,200000,0.6753489971160889,0.43546693602967207,0.6258807533056185,53.1923828125,134.578125,0.2138671875,0.042983733117580414,-0.6753668785095215,0.027987346053123474,2.5817453861236572,3273.2668323516846,pos_err_exceeded:989|joint_limit:583|max_steps:438|self_collision:32
980,200000,0.6284178495407104,0.32788038882126774,0.4591097054517211,39.0654296875,141.234375,0.11328125,0.05401849001646042,-0.6866816282272339,0.02782067283987999,2.600071430206299,3325.4366178512573,pos_err_exceeded:1406|joint_limit:258|max_steps:232|self_collision:152
990,200000,0.6604986190795898,0.36687550232526106,0.55110510636756,40.4736328125,132.5,0.17041015625,0.05302911251783371,-0.7249181270599365,0.027654899284243584,2.5034494400024414,3377.707569360733,pos_err_exceeded:1143|joint_limit:447|max_steps:349|self_collision:103
1000,200000,0.6581630706787109,0.3687717608114722,0.53269173271643,46.5244140625,140.734375,0.146484375,0.04277605563402176,-0.6312556862831116,0.027490533888339996,2.4838128089904785,3483.180474281311,pos_err_exceeded:1224|joint_limit:454|max_steps:300|self_collision:64
1010,200000,0.5905705690383911,0.35146969830785946,0.5774904561292697,43.42529296875,140.953125,0.13916015625,0.04117671400308609,-0.6673045754432678,0.0273275189101696,2.5994184017181396,3535.4061512947083,pos_err_exceeded:1165|joint_limit:501|max_steps:285|self_collision:95
1020,200000,0.6333242654800415,0.3428327426436349,0.5204889479349143,41.41943359375,137.984375,0.146484375,0.03512643650174141,-0.729007363319397,0.027165202423930168,2.567470073699951,3586.025843858719,pos_err_exceeded:1100|joint_limit:456|max_steps:300|self_collision:181
1030,200000,0.6303205490112305,0.35838798689910883,0.5487352571220441,41.67431640625,139.8125,0.16015625,0.04780937731266022,-0.7327311038970947,0.027003295719623566,2.565541982650757,3637.8654499053955,pos_err_exceeded:1164|joint_limit:426|max_steps:328|self_collision:92
1040,200000,0.5646923780441284,0.337798526333025,0.5409106332020024,40.06103515625,138.65625,0.09765625,0.05511888116598129,-0.7284743189811707,0.026842450723052025,2.5064592361450195,3690.796701669693,pos_err_exceeded:1247|joint_limit:366|self_collision:206|max_steps:200
1050,200000,0.6502240896224976,0.38805908786897947,0.5526955115292221,55.568359375,151.390625,0.16357421875,0.05081604793667793,-0.6531988382339478,0.026682576164603233,2.555652618408203,3756.155047416687,pos_err_exceeded:1057|joint_limit:522|max_steps:335|self_collision:130
1060,200000,0.6500474214553833,0.3744541327023243,0.5672592224515192,49.68212890625,141.21875,0.1162109375,0.04523387551307678,-0.6639370322227478,0.02652382105588913,2.583531379699707,3852.626370191574,pos_err_exceeded:1189|joint_limit:483|max_steps:238|self_collision:125
1070,200000,0.6527946591377258,0.3677436349568358,0.5356563319172791,46.3154296875,144.59375,0.10302734375,0.026087619364261627,-0.647485613822937,0.02636602520942688,2.514859914779663,3904.0689041614532,pos_err_exceeded:1320|joint_limit:431|max_steps:211|self_collision:82
1080,200000,0.6053128838539124,0.437238173785683,0.6658095793648453,56.09912109375,144.140625,0.23876953125,0.039938222616910934,-0.724520742893219,0.02620902843773365,2.6015267372131348,3956.3810935020447,pos_err_exceeded:884|max_steps:489|joint_limit:476|self_collision:138
1090,200000,0.6483608484268188,0.34089490081284657,0.5047362849244968,44.7451171875,143.8125,0.1171875,0.03269811347126961,-0.6544286012649536,0.026052653789520264,2.5635132789611816,4008.1710419654846,pos_err_exceeded:1303|joint_limit:425|max_steps:240|self_collision:77
1100,200000,0.6489200592041016,0.3291216378855046,0.4684656980759762,42.8935546875,152.46875,0.1474609375,0.04407350718975067,-0.7160657644271851,0.02589726634323597,2.53440260887146,4061.133169412613,pos_err_exceeded:1164|joint_limit:431|max_steps:302|self_collision:147
1110,200000,0.6755731105804443,0.36693414685116477,0.5347027009233154,45.078125,143.140625,0.16064453125,0.050929129123687744,-0.7072317600250244,0.025743108242750168,2.51141357421875,4164.210344314575,pos_err_exceeded:1299|joint_limit:389|max_steps:329|self_collision:22
1120,200000,0.6684425473213196,0.4073309645859205,0.58618194498465,50.00927734375,145.171875,0.19677734375,0.04540307819843292,-0.6931635141372681,0.025590043514966965,2.4733285903930664,4193.144150972366,pos_err_exceeded:1074|max_steps:403|joint_limit:389|self_collision:163
1130,200000,0.6633273363113403,0.33904996993899283,0.48566789528609244,37.12109375,130.25,0.14794921875,0.03028649091720581,-0.7029299736022949,0.02543807215988636,2.5498194694519043,4222.414120435715,pos_err_exceeded:1182|joint_limit:411|max_steps:303|self_collision:132
1140,200000,0.6537504196166992,0.3930440845078338,0.5636001495534452,51.3974609375,141.640625,0.17138671875,0.05157642439007759,-0.7491429448127747,0.025286847725510597,2.5258326530456543,4251.618452072144,pos_err_exceeded:1013|joint_limit:555|max_steps:351|self_collision:73
1150,200000,0.7149710655212402,0.4353975984815577,0.5956117442130681,51.45361328125,137.171875,0.22705078125,0.0541900098323822,-0.7264628410339355,0.025136394426226616,2.517993927001953,4281.118847846985,pos_err_exceeded:1026|joint_limit:470|max_steps:465|self_collision:78
1160,200000,0.6818713545799255,0.4143629836455579,0.5875446493016981,47.63720703125,133.453125,0.2109375,0.03663498908281326,-0.6923741102218628,0.024986986070871353,2.4768950939178467,4311.3036987781525,pos_err_exceeded:1108|joint_limit:435|max_steps:432|self_collision:69
1170,200000,0.6311396360397339,0.29397776559734523,0.4619829078873304,36.9736328125,135.984375,0.087890625,0.051795460283756256,-0.7236703634262085,0.024838784709572792,2.5004820823669434,4340.734764814377,pos_err_exceeded:1348|joint_limit:380|max_steps:180|self_collision:101
1180,200000,0.617022693157196,0.3219756831820296,0.518930086520816,43.67724609375,152.46875,0.11181640625,0.04009933024644852,-0.6853458881378174,0.024691462516784668,2.494629383087158,4370.01736497879,pos_err_exceeded:1196|joint_limit:498|max_steps:229|self_collision:118
1190,200000,0.6748391389846802,0.34760283749851595,0.49184727224275826,39.69921875,134.875,0.1533203125,0.03135351836681366,-0.7242922782897949,0.024545038118958473,2.4958858489990234,4398.359481096268,pos_err_exceeded:1287|joint_limit:357|max_steps:314|self_collision:57
1200,200000,0.610317051410675,0.3494433804423403,0.530220224913033,47.09765625,145.375,0.12451171875,0.04776789993047714,-0.6889950633049011,0.02439957484602928,2.546536445617676,4426.537102937698,pos_err_exceeded:1049|joint_limit:494|max_steps:255|self_collision:223
1210,200000,0.6322736740112305,0.35224312387233325,0.5410787935892521,45.11181640625,139.421875,0.16943359375,0.05286726355552673,-0.654495120048523,0.02425491064786911,2.5967626571655273,4454.896995306015,pos_err_exceeded:1080|joint_limit:507|max_steps:347|self_collision:113
1220,200000,0.6694637537002563,0.384206499655989,0.5412673181994548,47.2255859375,140.890625,0.1630859375,0.05835612118244171,-0.6840338706970215,0.024110687896609306,2.556948184967041,4484.069111585617,pos_err_exceeded:1106|joint_limit:538|max_steps:334|self_collision:65
1230,200000,0.625649631023407,0.3643948812015733,0.5490715407346485,44.81640625,142.1875,0.1982421875,0.04179563373327255,-0.730282187461853,0.023967143148183823,2.4944005012512207,4514.231120586395,pos_err_exceeded:1025|joint_limit:421|max_steps:406|self_collision:177
1240,200000,0.605618417263031,0.3237131313226965,0.4926137982918314,36.80322265625,146.984375,0.1435546875,0.046068187803030014,-0.7056238651275635,0.02382449246942997,2.55488657951355,4542.989486217499,pos_err_exceeded:1127|joint_limit:469|max_steps:294|self_collision:115
1250,200000,0.6452584862709045,0.4014330737548966,0.5759521745348468,56.84765625,154.15625,0.15771484375,0.037467509508132935,-0.6706608533859253,0.02368297427892685,2.522042751312256,4572.399447441101,pos_err_exceeded:1184|joint_limit:390|max_steps:323|init_ik_fail:76
1260,200000,0.6748071908950806,0.3399095045431163,0.5065532633153085,40.4443359375,136.78125,0.119140625,0.04291418194770813,-0.6709117889404297,0.023542705923318863,2.470010757446289,4601.3541264534,pos_err_exceeded:1154|joint_limit:518|max_steps:244|self_collision:106
1270,200000,0.6403853893280029,0.33635039471621087,0.5258250182733988,38.169921875,134.21875,0.11083984375,0.039259444922208786,-0.6849982738494873,0.023403577506542206,2.508723258972168,4630.392201185226,pos_err_exceeded:1182|joint_limit:452|max_steps:227|self_collision:152
1280,200000,0.6979823112487793,0.4533830430186309,0.646226319541159,55.25146484375,136.84375,0.21240234375,0.03902629017829895,-0.6863754391670227,0.023265033960342407,2.501406192779541,4658.599272727966,pos_err_exceeded:1141|joint_limit:436|max_steps:435|self_collision:36
1290,200000,0.6681259870529175,0.39505553958370365,0.5502694924112601,49.45849609375,139.1875,0.16943359375,0.04959201067686081,-0.6805967092514038,0.02312706969678402,2.5129032135009766,4687.423261642456,pos_err_exceeded:1139|joint_limit:491|max_steps:347|self_collision:66
1300,200000,0.6415523290634155,0.3565679085103608,0.5150781520914325,47.56884765625,154.734375,0.1533203125,0.05201418697834015,-0.6607761979103088,0.022990092635154724,2.5008978843688965,4716.1076538562775,pos_err_exceeded:1206|joint_limit:419|max_steps:314|self_collision:105
1310,200000,0.5932486057281494,0.3177864325135732,0.46996463746384387,40.14453125,138.234375,0.1171875,0.05433247238397598,-0.6788007020950317,0.02285345084965229,2.4766054153442383,4744.663184642792,pos_err_exceeded:1083|joint_limit:485|max_steps:240|self_collision:224
1320,200000,0.6273892521858215,0.3668080424927518,0.555090241854797,39.513671875,131.046875,0.16796875,0.04824521392583847,-0.6925843358039856,0.022718043997883797,2.4901514053344727,4773.782167673111,pos_err_exceeded:1017|joint_limit:566|max_steps:344|self_collision:94
1330,200000,0.6168350577354431,0.38139541935094284,0.5503405297783974,42.087890625,124.328125,0.1640625,0.05246388167142868,-0.69068443775177,0.02258310280740261,2.4930830001831055,4803.664735555649,pos_err_exceeded:1043|joint_limit:465|max_steps:336|self_collision:171
1340,200000,0.6707152128219604,0.42988187989056725,0.574578822234052,48.68505859375,135.796875,0.2001953125,0.05260537564754486,-0.6778732538223267,0.022449202835559845,2.4174435138702393,4832.14546251297,pos_err_exceeded:1175|max_steps:410|joint_limit:331|self_collision:90
1350,200000,0.6480393409729004,0.40502146625519886,0.5682025714160887,43.732421875,138.34375,0.18701171875,0.057888466864824295,-0.6405547857284546,0.022316133603453636,2.5132710933685303,4861.976686477661,pos_err_exceeded:1150|joint_limit:436|max_steps:383|self_collision:47
1360,200000,0.6067448258399963,0.36281447963585833,0.5035385991583334,43.265625,139.0,0.189453125,0.053257331252098083,-0.7006963491439819,0.02218356728553772,2.4492931365966797,4890.998708248138,pos_err_exceeded:939|joint_limit:473|max_steps:388|self_collision:245
1370,200000,0.6568616032600403,0.3810694321837835,0.5608402622713862,50.265625,146.015625,0.1611328125,0.0553889125585556,-0.6561543941497803,0.022051993757486343,2.5380845069885254,4920.81339263916,pos_err_exceeded:1086|joint_limit:458|max_steps:330|self_collision:121
1380,200000,0.648023247718811,0.3764773374257867,0.5455676635027735,50.70263671875,150.125,0.1162109375,0.045333132147789,-0.713227391242981,0.02192123606801033,2.4790635108947754,4949.417558670044,pos_err_exceeded:1146|joint_limit:465|max_steps:238|self_collision:181
1390,200000,0.6387354731559753,0.3316518005363732,0.49122014903376493,43.61572265625,144.625,0.12939453125,0.05026153475046158,-0.6671367883682251,0.02179146371781826,2.4603464603424072,4979.698079824448,pos_err_exceeded:1128|joint_limit:411|max_steps:265|self_collision:195
1400,200000,0.6779817342758179,0.3420197766804908,0.5041320837273232,50.34375,149.53125,0.09716796875,0.04764323681592941,-0.6748043298721313,0.02166268602013588,2.3908567428588867,5009.71644115448,pos_err_exceeded:1354|joint_limit:431|max_steps:199|self_collision:58
1410,200000,0.6486656665802002,0.3575376929661553,0.5273730509304134,42.03515625,139.09375,0.1435546875,0.04969486966729164,-0.6862000226974487,0.021535106003284454,2.5270392894744873,5038.506369590759,pos_err_exceeded:1140|joint_limit:423|max_steps:294|self_collision:189
1420,200000,0.6332231760025024,0.38302272911498003,0.5602621851892513,45.56884765625,134.046875,0.15478515625,0.050925154238939285,-0.6280581951141357,0.02140715904533863,2.403183698654175,5067.394708395004,pos_err_exceeded:1085|joint_limit:513|max_steps:317|self_collision:118
1430,200000,0.6852409839630127,0.3905331244832929,0.5611984735946578,44.642578125,135.3125,0.14697265625,0.04956518113613129,-0.657518744468689,0.021280307322740555,2.476170063018799,5096.73378610611,pos_err_exceeded:1246|joint_limit:388|max_steps:301|self_collision:101
1440,200000,0.7107741236686707,0.381944539441179,0.5368167958878808,49.986328125,147.171875,0.14697265625,0.03494410216808319,-0.6868504285812378,0.021154752001166344,2.4497427940368652,5125.430537223816,pos_err_exceeded:1214|joint_limit:493|max_steps:301|self_collision:35
1450,200000,0.716462254524231,0.37581112174887055,0.518493236309353,42.57763671875,124.453125,0.13037109375,0.048369765281677246,-0.7212117910385132,0.02102973684668541,2.3816957473754883,5154.338303089142,pos_err_exceeded:1368|joint_limit:373|max_steps:267|self_collision:35
1460,200000,0.6519359350204468,0.38320458751653114,0.5608247274467056,47.365234375,138.65625,0.1787109375,0.03737063705921173,-0.6791306734085083,0.02090560458600521,2.387092113494873,5184.405233621597,pos_err_exceeded:1066|joint_limit:437|max_steps:366|self_collision:167
1470,200000,0.6740002036094666,0.3765530198950298,0.5463842808348909,48.88330078125,151.71875,0.1923828125,0.032606713473796844,-0.6848675012588501,0.02078223042190075,2.3818395137786865,5213.142674446106,pos_err_exceeded:1111|joint_limit:421|max_steps:394|self_collision:106
1480,200000,0.6617505550384521,0.37746537063059715,0.5284456984213584,49.95751953125,139.078125,0.1484375,0.05948006734251976,-0.7019866704940796,0.02065960504114628,2.301025390625,5242.94650387764,pos_err_exceeded:1195|joint_limit:416|max_steps:304|self_collision:96
1490,200000,0.6371873617172241,0.42185880938151554,0.6372509503512316,54.70947265625,135.25,0.16455078125,0.04720775783061981,-0.6830735206604004,0.02053808607161045,2.3470897674560547,5271.453022956848,pos_err_exceeded:1194|joint_limit:403|max_steps:337|self_collision:75
1500,200000,0.6135520339012146,0.33558655476645594,0.5486583298836255,42.90576171875,142.46875,0.11181640625,0.04067642241716385,-0.7248057126998901,0.02041676454246044,2.4418768882751465,5301.335504770279,pos_err_exceeded:1246|joint_limit:427|max_steps:229|self_collision:119
1510,200000,0.6509302854537964,0.3978012668619586,0.5615439213375752,50.1494140625,137.515625,0.189453125,0.038378506898880005,-0.6585177183151245,0.020295998081564903,2.383636951446533,5331.1161987781525,pos_err_exceeded:1070|joint_limit:435|max_steps:388|self_collision:145
1520,200000,0.6497854590415955,0.3574470500865641,0.517952607394266,40.8427734375,133.609375,0.142578125,0.0507272407412529,-0.6526694297790527,0.02017597295343876,2.479792833328247,5361.059971570969,pos_err_exceeded:1116|joint_limit:410|max_steps:292|self_collision:227
1530,200000,0.6651171445846558,0.3497642285170839,0.5041329380589114,44.89306640625,138.796875,0.125,0.03995267674326897,-0.653972864151001,0.020056186243891716,2.4313242435455322,5392.290444612503,pos_err_exceeded:1213|joint_limit:446|max_steps:256|self_collision:122
1540,200000,0.6232852935791016,0.34332108475386425,0.5705015050897712,43.4375,140.28125,0.11328125,0.04448685050010681,-0.688073456287384,0.01993752457201481,2.479710102081299,5422.209194421768,pos_err_exceeded:1092|joint_limit:589|max_steps:232|self_collision:135
1550,200000,0.6556426882743835,0.4150905247977364,0.5808850366227647,50.541015625,137.296875,0.20556640625,0.04095309227705002,-0.6700598001480103,0.019819509238004684,2.4097070693969727,5452.975232124329,pos_err_exceeded:1140|max_steps:421|joint_limit:388|self_collision:67
1560,200000,0.6382566690444946,0.37152479120522464,0.5552869839841257,47.0537109375,140.234375,0.146484375,0.04504809528589249,-0.6732727289199829,0.019702672958374023,2.4516193866729736,5482.898452997208,pos_err_exceeded:1071|joint_limit:563|max_steps:300|self_collision:106
1570,200000,0.6299490928649902,0.3774014852704416,0.5484069784395661,43.5166015625,136.1875,0.15576171875,0.04116624593734741,-0.6637497544288635,0.019585855305194855,2.4970932006835938,5513.088417768478,pos_err_exceeded:1131|joint_limit:425|max_steps:319|self_collision:140
1580,200000,0.6415764689445496,0.3612344898773041,0.5185959555488125,44.77734375,142.125,0.154296875,0.020660175010561943,-0.6502714157104492,0.01946992054581642,2.3467836380004883,5543.3629648685455,pos_err_exceeded:1040|joint_limit:535|max_steps:316|self_collision:155
1590,200000,0.6470143795013428,0.4055843708976593,0.5814365763345433,52.16650390625,142.09375,0.203125,0.04799783229827881,-0.6957029104232788,0.019355475902557373,2.4883840084075928,5573.2241315841675,pos_err_exceeded:952|joint_limit:506|max_steps:416|self_collision:161
1600,200000,0.6293648481369019,0.3569515972463828,0.5484653628724956,44.9619140625,145.5625,0.15576171875,0.04036899656057358,-0.6382229924201965,0.019240878522396088,2.3858470916748047,5602.417133331299,pos_err_exceeded:1128|joint_limit:531|max_steps:319|init_ik_fail:47
1610,200000,0.6721771955490112,0.4127523005367412,0.5672784650012546,48.96875,134.1875,0.19482421875,0.022680532187223434,-0.6642664670944214,0.019127100706100464,2.4074087142944336,5631.30788230896,pos_err_exceeded:1160|max_steps:399|joint_limit:381|self_collision:63
1620,200000,0.651396632194519,0.3013042317790214,0.4528281633654099,41.90087890625,153.171875,0.123046875,0.02219397947192192,-0.6637033820152283,0.019014284014701843,2.468156337738037,5660.672474384308,pos_err_exceeded:1294|joint_limit:347|max_steps:252|self_collision:129
1630,200000,0.6518943309783936,0.39457705330995874,0.5917568530440918,45.38720703125,134.578125,0.1533203125,0.049076247960329056,-0.6657199859619141,0.018901711329817772,2.412480354309082,5689.326947927475,pos_err_exceeded:1232|joint_limit:365|max_steps:314|self_collision:124
1640,200000,0.6550872325897217,0.36200056198131375,0.5104513178674849,43.20458984375,141.890625,0.18115234375,0.04753080755472183,-0.6697046756744385,0.01879035122692585,2.2693612575531006,5718.953949213028,pos_err_exceeded:1180|joint_limit:415|max_steps:371|self_collision:70
1650,200000,0.7185287475585938,0.4284977400637239,0.579332164231289,54.5048828125,141.90625,0.19287109375,0.04209168627858162,-0.6406535506248474,0.018680164590477943,2.374907970428467,5747.690985918045,pos_err_exceeded:1175|max_steps:395|joint_limit:388|init_ik_fail:45
1660,200000,0.6883097290992737,0.3925497602293142,0.5526040050228844,53.29833984375,148.75,0.15625,0.03914501518011093,-0.6894207000732422,0.01857047900557518,2.3617918491363525,5776.885137796402,pos_err_exceeded:1104|joint_limit:502|max_steps:320|self_collision:103
1670,200000,0.6318861246109009,0.37157304487047293,0.5301709310611287,38.7529296875,128.234375,0.14453125,0.05162356048822403,-0.6552932858467102,0.018461046740412712,2.454042434692383,5805.899196147919,pos_err_exceeded:1163|joint_limit:382|max_steps:296|self_collision:201
1680,200000,0.6765429973602295,0.40549671807362564,0.5842391851602079,52.82080078125,142.078125,0.15380859375,0.05572362244129181,-0.6901853084564209,0.018352312967181206,2.3904666900634766,5835.412493944168,pos_err_exceeded:1030|joint_limit:562|max_steps:315|self_collision:125
1690,200000,0.6560977101325989,0.34398343529226366,0.48144236407038643,51.234375,155.640625,0.1142578125,0.045293405652046204,-0.6996815204620361,0.018244102597236633,2.3217544555664062,5864.288628578186,pos_err_exceeded:1226|joint_limit:440|max_steps:234|self_collision:147
1700,200000,0.6627058386802673,0.37105475244533037,0.5359406182510765,48.3837890625,143.21875,0.15185546875,0.036763746291399,-0.6681153774261475,0.018136754631996155,2.276536464691162,5893.073299407959,pos_err_exceeded:1217|joint_limit:397|max_steps:311|self_collision:111
1710,200000,0.6913118362426758,0.34927980366974437,0.493296467323407,44.95556640625,150.359375,0.1259765625,0.0377667061984539,-0.6348091959953308,0.0180301945656538,2.4557278156280518,5922.399360895157,pos_err_exceeded:1120|joint_limit:579|max_steps:258|self_collision:77
1720,200000,0.6917325258255005,0.4473413664153919,0.6490853225635843,51.88671875,131.828125,0.19873046875,0.02099713310599327,-0.6849340200424194,0.017923908308148384,2.2955663204193115,5951.7367215156555,pos_err_exceeded:1232|max_steps:407|joint_limit:362|self_collision:47
1730,200000,0.5948606729507446,0.3403069933142522,0.5756886544764864,40.50830078125,138.359375,0.14697265625,0.03207201510667801,-0.6252597570419312,0.017818182706832886,2.3850629329681396,5981.273466348648,pos_err_exceeded:1150|joint_limit:460|max_steps:301|self_collision:125
1740,200000,0.6443065404891968,0.34337077652528114,0.5052056936718607,44.10546875,150.96875,0.16259765625,0.04329328611493111,-0.6501436829566956,0.01771288365125656,2.2583231925964355,6010.413046598434,pos_err_exceeded:1200|joint_limit:396|max_steps:333|init_ik_fail:63
1750,200000,0.7091252207756042,0.4148173934950075,0.5706957053375512,51.96923828125,137.75,0.15869140625,0.04829162359237671,-0.6627522706985474,0.017609108239412308,2.2616195678710938,6038.797854423523,pos_err_exceeded:1188|joint_limit:457|max_steps:325|self_collision:76
1760,200000,0.6783536672592163,0.4461860600966671,0.6292570069651154,53.298828125,130.5,0.2294921875,0.032127782702445984,-0.6674620509147644,0.017505895346403122,2.306906223297119,6068.675179719925,pos_err_exceeded:896|joint_limit:594|max_steps:470|self_collision:85
1770,200000,0.6194353103637695,0.385485303813358,0.5895308249824118,49.84912109375,141.96875,0.2099609375,0.03442778065800667,-0.6730223894119263,0.01740274205803871,2.4343831539154053,6097.153610229492,pos_err_exceeded:1025|max_steps:430|joint_limit:429|self_collision:126
1780,200000,0.6099125742912292,0.34496329427399547,0.5373856077699846,42.72314453125,153.953125,0.1494140625,0.032941777259111404,-0.7023096084594727,0.017300015315413475,2.3084716796875,6126.452932596207,pos_err_exceeded:1149|joint_limit:419|max_steps:306|self_collision:140
1790,200000,0.6572688817977905,0.39021619867632207,0.5597011679204406,50.17724609375,141.390625,0.1337890625,0.034473977982997894,-0.6788652539253235,0.01719849370419979,2.2639377117156982,6155.6289529800415,pos_err_exceeded:1165|joint_limit:447|max_steps:274|self_collision:113
1800,200000,0.7137959003448486,0.37451413427399205,0.518578846500295,45.76513671875,140.796875,0.13720703125,0.035259418189525604,-0.6868858337402344,0.01709783636033535,2.2906408309936523,6183.731346130371,pos_err_exceeded:1402|joint_limit:328|max_steps:281|self_collision:27
1810,200000,0.7068146467208862,0.45550963871781763,0.5949489860730889,54.525390625,136.0625,0.21142578125,0.04025048390030861,-0.6878187656402588,0.016997825354337692,2.1983602046966553,6213.751288175583,pos_err_exceeded:993|max_steps:433|joint_limit:417|self_collision:198
1820,200000,0.6564668416976929,0.40256208205967753,0.6090556718460193,50.79443359375,143.0,0.14208984375,0.057142261415719986,-0.6525275707244873,0.01689889095723629,2.2674899101257324,6243.196802377701,pos_err_exceeded:1252|joint_limit:416|max_steps:291|self_collision:88
1830,200000,0.6811742782592773,0.4620287850709108,0.6572397470941334,60.4658203125,136.21875,0.16748046875,0.02885868214070797,-0.7223249077796936,0.01680026762187481,2.2963786125183105,6272.743215084076,pos_err_exceeded:1113|joint_limit:481|max_steps:343|self_collision:105
1840,200000,0.6238579750061035,0.36207333176073087,0.5288833044691975,43.1064453125,132.1875,0.1796875,0.04425621032714844,-0.6843968629837036,0.016701972112059593,2.2556843757629395,6301.815190792084,pos_err_exceeded:1167|joint_limit:391|max_steps:368|self_collision:115
1850,200000,0.6221675872802734,0.3328403470798388,0.4909539530531814,41.25244140625,136.9375,0.17333984375,0.04034785181283951,-0.7142104506492615,0.01660412736237049,2.236288547515869,6330.034275054932,pos_err_exceeded:1094|joint_limit:397|max_steps:355|self_collision:160
1860,200000,0.6475194692611694,0.40862295371889656,0.5893835979752122,53.31396484375,141.96875,0.18408203125,0.037076033651828766,-0.6559600830078125,0.016507169231772423,2.206531286239624,6359.371708154678,pos_err_exceeded:980|joint_limit:586|max_steps:377|self_collision:71
1870,200000,0.6824048161506653,0.32229414290010494,0.4589278708405695,37.6484375,134.421875,0.0908203125,0.017628919333219528,-0.6524977684020996,0.016410863026976585,2.2228941917419434,6387.446328163147,pos_err_exceeded:1384|joint_limit:368|max_steps:186|self_collision:101
1880,200000,0.709599494934082,0.44174774986871757,0.5806489617886943,47.8193359375,131.40625,0.19091796875,0.022041823714971542,-0.6703762412071228,0.01631525158882141,2.222808361053467,6417.1188497543335,pos_err_exceeded:1139|max_steps:391|joint_limit:379|self_collision:110
1890,200000,0.6351907849311829,0.3390860258770466,0.4884327925758813,37.41796875,124.328125,0.11474609375,0.028325537219643593,-0.6942933797836304,0.016219748184084892,2.2866291999816895,6447.174114227295,pos_err_exceeded:1121|joint_limit:426|max_steps:235|self_collision:200
1900,200000,0.6312804818153381,0.27966597168859914,0.39358910646968526,32.41943359375,141.28125,0.115234375,0.038398753851652145,-0.6788731813430786,0.016124296933412552,2.149327278137207,6475.241124868393,pos_err_exceeded:1317|joint_limit:255|max_steps:236|self_collision:191
1910,200000,0.6730618476867676,0.3675338032055437,0.5293606571736339,43.078125,130.5,0.14697265625,0.05734831094741821,-0.659077525138855,0.01602974347770214,2.185791492462158,6504.228445768356,pos_err_exceeded:1145|joint_limit:491|max_steps:301|self_collision:91
1920,200000,0.6136207580566406,0.3297179719039913,0.517447246207497,39.0439453125,132.125,0.14306640625,0.03291415795683861,-0.6963486671447754,0.015936125069856644,2.2889113426208496,6533.994779109955,pos_err_exceeded:1192|joint_limit:402|max_steps:293|self_collision:129
1930,200000,0.6697984337806702,0.4370517864056012,0.6080113793538293,60.3544921875,152.078125,0.197265625,0.0524774044752121,-0.6429203748703003,0.015842687338590622,2.2020535469055176,6562.96533036232,pos_err_exceeded:1111|joint_limit:425|max_steps:404|self_collision:95
1940,200000,0.6588454246520996,0.3991750391735641,0.606688187236722,54.7578125,143.078125,0.14111328125,0.05655438080430031,-0.6228461265563965,0.015749644488096237,2.207885265350342,6594.299365282059,pos_err_exceeded:1066|joint_limit:530|max_steps:289|self_collision:159
1950,200000,0.6657754182815552,0.3833618533422553,0.5430026290861432,50.2216796875,143.96875,0.111328125,0.030876168981194496,-0.6895200610160828,0.015657667070627213,2.104008674621582,6623.605046510696,pos_err_exceeded:1203|joint_limit:450|max_steps:228|self_collision:164
1960,200000,0.6174269318580627,0.3685262101900071,0.615455694634901,48.8095703125,152.9375,0.1435546875,0.031124258413910866,-0.6726460456848145,0.0155662065371871,2.2464566230773926,6653.736209154129,pos_err_exceeded:1177|joint_limit:488|max_steps:294|self_collision:86
1970,200000,0.6100333333015442,0.32989151049290666,0.48631163405784994,38.33740234375,137.8125,0.12158203125,0.0364745631814003,-0.6248450875282288,0.015474594198167324,2.1807539463043213,6684.201694965363,pos_err_exceeded:1191|joint_limit:433|max_steps:249|self_collision:174
1980,200000,0.6239718198776245,0.4224384122259217,0.6279696973934396,56.6611328125,131.25,0.1806640625,0.03923536464571953,-0.672537088394165,0.015383776277303696,2.2356114387512207,6731.19140958786,pos_err_exceeded:1025|joint_limit:453|max_steps:370|self_collision:190
1990,200000,0.6858844757080078,0.3942167437280802,0.5520305413731003,47.05126953125,142.4375,0.18359375,0.02769969031214714,-0.6673780679702759,0.015293433330953121,2.2423620223999023,6783.917858362198,pos_err_exceeded:1099|joint_limit:464|max_steps:376|self_collision:68
2000,200000,0.6855026483535767,0.4211142650166596,0.5856438154032528,54.22900390625,144.671875,0.15478515625,0.03721267729997635,-0.7003297209739685,0.015203991904854774,2.1439380645751953,6835.372918367386,pos_err_exceeded:1064|joint_limit:493|max_steps:317|self_collision:140
2010,200000,0.5956602096557617,0.37337438310946364,0.5666840056983892,48.736328125,145.953125,0.16162109375,0.04958861321210861,-0.6715238094329834,0.015114878304302692,2.190197706222534,6887.905191898346,pos_err_exceeded:1114|joint_limit:416|max_steps:331|self_collision:99
2020,200000,0.6701462864875793,0.3448018321647504,0.4826819582133795,43.1376953125,145.640625,0.158203125,0.044427599757909775,-0.7074309587478638,0.015026186592876911,2.3129448890686035,6939.7888441085815,pos_err_exceeded:1213|joint_limit:412|max_steps:324|self_collision:98
2030,200000,0.654290497303009,0.3302099893718253,0.48917391212586203,42.4912109375,146.515625,0.13330078125,0.030099516734480858,-0.6523921489715576,0.014938022941350937,2.1864051818847656,7047.42501449585,pos_err_exceeded:1282|joint_limit:325|max_steps:273|self_collision:138
2040,200000,0.6828316450119019,0.3884589633288602,0.5348340211725937,45.89990234375,138.75,0.169921875,0.032309167087078094,-0.6999991536140442,0.014851013198494911,2.0494558811187744,7098.945931434631,pos_err_exceeded:956|joint_limit:512|max_steps:348|self_collision:222
2050,200000,0.6451253890991211,0.3749727912939982,0.5539630371239948,44.1884765625,133.984375,0.17822265625,0.049111321568489075,-0.6865347623825073,0.014764431864023209,2.2325408458709717,7151.274441719055,pos_err_exceeded:1142|joint_limit:398|max_steps:365|self_collision:107
2060,200000,0.656342625617981,0.3826841401212847,0.5188593917649594,51.14501953125,143.84375,0.18310546875,0.03862673044204712,-0.7001329064369202,0.014677930623292923,2.227652072906494,7204.337461471558,pos_err_exceeded:1133|joint_limit:376|max_steps:375|self_collision:149
2070,200000,0.668573260307312,0.4069892149380056,0.5671254415916689,47.86572265625,133.921875,0.1494140625,0.035727716982364655,-0.6727196574211121,0.01459205336868763,2.18929386138916,7257.041813850403,pos_err_exceeded:1171|joint_limit:441|max_steps:306|self_collision:123
2080,200000,0.6644819974899292,0.42006388851242027,0.573388164619628,47.47412109375,130.5,0.21533203125,0.033590592443943024,-0.7264409065246582,0.014506989158689976,2.1324000358581543,7361.026412725449,pos_err_exceeded:1126|max_steps:441|joint_limit:368|self_collision:111
2090,200000,0.690669059753418,0.43587581160043165,0.5900134486242817,56.70703125,143.125,0.18896484375,0.03677936643362045,-0.6747888922691345,0.01442284882068634,2.096827507019043,7395.896356344223,pos_err_exceeded:1128|joint_limit:489|max_steps:387|self_collision:33
2100,200000,0.6583574414253235,0.34954156292023203,0.5046167701031687,43.1328125,141.53125,0.14208984375,0.035151831805706024,-0.6274913549423218,0.014339249581098557,2.033433437347412,7425.350031375885,pos_err_exceeded:1098|joint_limit:485|max_steps:291|self_collision:173
2110,200000,0.7231429219245911,0.41054427893028456,0.5526546533534501,57.5517578125,154.265625,0.13818359375,0.016648095101118088,-0.6632716059684753,0.014256041496992111,1.9484572410583496,7455.147719144821,pos_err_exceeded:1305|joint_limit:388|max_steps:283|self_collision:46
2120,200000,0.711582362651825,0.40327919478713065,0.5715379534219666,54.73193359375,151.09375,0.16748046875,0.03167714923620224,-0.6690323352813721,0.014173462055623531,2.155757427215576,7484.999134302139,pos_err_exceeded:1195|joint_limit:434|max_steps:343|self_collision:75
2130,200000,0.6890218257904053,0.3813409434015359,0.5133786364240449,49.8388671875,144.71875,0.15869140625,0.037936221808195114,-0.7274090647697449,0.014090846292674541,2.097583293914795,7515.082563400269,pos_err_exceeded:1282|joint_limit:350|max_steps:325|self_collision:90
2140,200000,0.646427571773529,0.36241164996848446,0.5150333072758444,41.72119140625,130.703125,0.14306640625,0.03068753331899643,-0.6723377704620361,0.014008957892656326,2.1301732063293457,7545.019789934158,pos_err_exceeded:1252|joint_limit:368|max_steps:293|self_collision:130
2150,200000,0.6587858200073242,0.3787700276632165,0.5518050865466255,50.03076171875,151.34375,0.16357421875,0.047936439514160156,-0.6830090284347534,0.013927440159022808,2.0523505210876465,7575.811631441116,pos_err_exceeded:1179|joint_limit:493|max_steps:335|init_ik_fail:30
2160,200000,0.7116838097572327,0.41297581639129993,0.5683860609629864,48.46435546875,131.3125,0.18115234375,0.02997065894305706,-0.698871374130249,0.01384702231734991,2.0724849700927734,7605.866272687912,pos_err_exceeded:1195|max_steps:371|joint_limit:356|self_collision:124
2170,200000,0.7249787449836731,0.4060101160078018,0.5257233159058012,50.578125,135.265625,0.1484375,0.0462135449051857,-0.6599349975585938,0.013767451979219913,1.8296226263046265,7635.27402472496,pos_err_exceeded:1247|joint_limit:387|max_steps:304|self_collision:97
2180,200000,0.7310233116149902,0.4276765963602215,0.5578175712077353,55.1513671875,146.34375,0.2177734375,0.03611859679222107,-0.6836385726928711,0.013688310980796814,2.0104408264160156,7664.896656036377,pos_err_exceeded:1005|max_steps:446|joint_limit:438|self_collision:156
2190,200000,0.6329219937324524,0.3532639178499039,0.5487705486483432,46.84716796875,139.0625,0.09423828125,0.039560556411743164,-0.7132540941238403,0.013609034940600395,2.0950284004211426,7694.5675230026245,pos_err_exceeded:1219|joint_limit:452|max_steps:193|self_collision:152
2200,200000,0.6974458694458008,0.44146652402437403,0.610286972999988,55.85693359375,138.484375,0.1962890625,0.036871302872896194,-0.6923521757125854,0.01352968905121088,2.0023086071014404,7725.151031255722,pos_err_exceeded:1015|joint_limit:488|max_steps:402|self_collision:110
2210,200000,0.7327797412872314,0.43048643266983655,0.5664078617922984,51.3212890625,139.296875,0.1650390625,0.03890428692102432,-0.6766718626022339,0.013451183214783669,2.050290107727051,7754.917419910431,pos_err_exceeded:1258|joint_limit:367|max_steps:338|self_collision:80
2220,200000,0.6268457770347595,0.3366149913695272,0.5028238952466304,45.0771484375,147.765625,0.11279296875,0.040169890969991684,-0.7206602096557617,0.013373401947319508,2.0519354343414307,7784.1309134960175,pos_err_exceeded:1182|joint_limit:491|max_steps:231|self_collision:122
2230,200000,0.6239281296730042,0.38996862060704485,0.5572897493844169,42.720703125,137.359375,0.1416015625,0.027919363230466843,-0.6489330530166626,0.013295677490532398,2.0255825519561768,7813.150803089142,pos_err_exceeded:1244|joint_limit:367|max_steps:290|self_collision:145
2240,200000,0.6060606241226196,0.4131702106397643,0.6306994936805856,51.0537109375,139.875,0.193359375,0.04222312569618225,-0.6977136731147766,0.013218372128903866,1.9925761222839355,7842.289433002472,pos_err_exceeded:1128|max_steps:396|joint_limit:378|self_collision:89
2250,200000,0.7230795621871948,0.4259027876521518,0.5568901647623292,49.9970703125,131.078125,0.20068359375,0.031669557094573975,-0.6802216172218323,0.01314188726246357,2.0744032859802246,7871.723112106323,pos_err_exceeded:1081|joint_limit:415|max_steps:411|self_collision:139
2260,200000,0.6554847955703735,0.3371596108244624,0.5009891406709339,45.61669921875,144.203125,0.12451171875,0.042791739106178284,-0.6658892035484314,0.013065476901829243,2.049888849258423,7900.096887111664,pos_err_exceeded:1203|joint_limit:392|max_steps:255|self_collision:162
2270,200000,0.661056637763977,0.36236353730222215,0.5079031854519539,47.43115234375,148.4375,0.1396484375,0.04232151433825493,-0.695990800857544,0.012989349663257599,1.9372241497039795,7929.173425912857,pos_err_exceeded:1257|joint_limit:377|max_steps:286|self_collision:122
2280,200000,0.7009992003440857,0.36127509602103347,0.47843574217045487,44.7548828125,144.0,0.138671875,0.0375409834086895,-0.6893807649612427,0.012914183549582958,2.059237003326416,7958.902320146561,pos_err_exceeded:1216|joint_limit:411|max_steps:284|self_collision:137
2290,200000,0.6536674499511719,0.3353970787593218,0.47551401376585367,46.37744140625,143.265625,0.162109375,0.03992943465709686,-0.6935642957687378,0.01283908449113369,2.209038734436035,7987.791201353073,pos_err_exceeded:1230|max_steps:332|joint_limit:306|self_collision:170
2300,200000,0.6954727172851562,0.4054650467997897,0.5623178215535748,51.6923828125,142.28125,0.15771484375,0.043957650661468506,-0.7098489999771118,0.012764044106006622,1.9654395580291748,8017.843317270279,pos_err_exceeded:1201|joint_limit:404|max_steps:323|self_collision:119
2310,200000,0.6847130060195923,0.369048518229407,0.5191668523804742,47.56982421875,146.90625,0.1796875,0.035003796219825745,-0.6829555630683899,0.01268998347222805,1.969273328781128,8048.017549991608,pos_err_exceeded:1077|joint_limit:433|max_steps:368|self_collision:140
2320,200000,0.7224487066268921,0.42371803862249097,0.5605924748270934,44.82421875,128.234375,0.2255859375,0.03446914628148079,-0.6715893745422363,0.012616326101124287,1.9757153987884521,8077.772520780563,pos_err_exceeded:1125|max_steps:462|joint_limit:403|self_collision:56
2330,200000,0.6569609642028809,0.3753929574920588,0.5473597009615391,44.4609375,136.265625,0.17431640625,0.02881018817424774,-0.6919599771499634,0.0125425411388278,1.9400978088378906,8107.337424278259,pos_err_exceeded:1182|max_steps:357|joint_limit:347|self_collision:155
2340,200000,0.6965367197990417,0.3849731072622124,0.5553285478056782,48.44873046875,136.421875,0.16943359375,0.04184181988239288,-0.716174840927124,0.012470286339521408,1.9602360725402832,8137.407763004303,pos_err_exceeded:1276|joint_limit:360|max_steps:347|self_collision:53
2350,200000,0.6578295230865479,0.3466938793355658,0.4792291449086659,44.75146484375,139.953125,0.15673828125,0.043323319405317307,-0.7012213468551636,0.0123984906822443,1.732703685760498,8166.697320461273,pos_err_exceeded:1274|joint_limit:356|max_steps:321|self_collision:86
2360,200000,0.7246397733688354,0.3968276095719473,0.5265522093776689,47.5244140625,142.359375,0.19775390625,0.025007544085383415,-0.686641275882721,0.012327219359576702,1.9632583856582642,8194.567813873291,pos_err_exceeded:1142|joint_limit:417|max_steps:405|self_collision:74
2370,200000,0.657212495803833,0.3904665550147094,0.5777647068741387,47.5185546875,141.0625,0.14892578125,0.026635736227035522,-0.6628137826919556,0.012255380861461163,1.9325366020202637,8224.518196344376,pos_err_exceeded:1215|joint_limit:422|max_steps:305|self_collision:95
2380,200000,0.6712712049484253,0.4151464120131142,0.5327297605641084,48.85302734375,132.234375,0.1953125,0.03182430937886238,-0.6735381484031677,0.012184021063148975,1.8804705142974854,8254.03734755516,pos_err_exceeded:1098|max_steps:400|joint_limit:305|init_ik_fail:130
2390,200000,0.6992191672325134,0.3723328791834603,0.48014579740865526,50.20361328125,151.265625,0.1376953125,0.032114531844854355,-0.7017199993133545,0.012114018201828003,1.808930516242981,8281.933006763458,pos_err_exceeded:1253|joint_limit:367|max_steps:282|self_collision:111
2400,200000,0.6286688446998596,0.33854964781808994,0.5226735487669358,45.87158203125,152.828125,0.13671875,0.03664524108171463,-0.6653364896774292,0.012045099399983883,1.9445877075195312,8311.760479211807,pos_err_exceeded:1213|joint_limit:382|max_steps:280|self_collision:163
2410,200000,0.6608825325965881,0.4115294965282433,0.5942410017911752,51.14404296875,137.515625,0.16015625,0.02936280146241188,-0.6317088603973389,0.011975129134953022,1.8361632823944092,8340.923731803894,pos_err_exceeded:1041|joint_limit:548|max_steps:328|self_collision:88
2420,200000,0.7185956835746765,0.46789337588321034,0.6356626398068015,53.8076171875,129.75,0.24560546875,0.03132111206650734,-0.6746290922164917,0.011905922554433346,1.845895767211914,8370.446517467499,pos_err_exceeded:1175|max_steps:503|joint_limit:276|self_collision:90
2430,200000,0.6449611186981201,0.3770995967080663,0.572496709484566,47.71142578125,143.75,0.15966796875,0.02638903073966503,-0.6910264492034912,0.011837290599942207,1.835067868232727,8399.75854229927,pos_err_exceeded:1146|joint_limit:414|max_steps:327|self_collision:144
2440,200000,0.6426448822021484,0.3952864790875522,0.5640427465250601,43.6923828125,132.421875,0.19482421875,0.033737894147634506,-0.7005141973495483,0.011769453063607216,1.9661599397659302,8428.246268987656,pos_err_exceeded:1087|max_steps:399|joint_limit:321|self_collision:208
2450,200000,0.6576938629150391,0.31760934515129247,0.42582794533838036,37.388671875,136.328125,0.1630859375,0.03363734483718872,-0.6943238377571106,0.011701881885528564,1.819927453994751,8457.394532680511,pos_err_exceeded:1171|max_steps:334|joint_limit:319|self_collision:175
2460,200000,0.5973883867263794,0.3476256349896679,0.5624452985952605,44.33935546875,136.90625,0.12841796875,0.03636249527335167,-0.6378573179244995,0.011634537018835545,1.8418207168579102,8486.40941119194,pos_err_exceeded:1231|joint_limit:381|max_steps:263|self_collision:172
2470,200000,0.651524007320404,0.3631494396055991,0.5103862886372882,45.17138671875,143.703125,0.1337890625,0.021058373153209686,-0.6441638469696045,0.01156738679856062,1.8670539855957031,8513.99689412117,pos_err_exceeded:1211|joint_limit:406|max_steps:274|self_collision:152
2480,200000,0.6767051219940186,0.3506850478385839,0.5147229407043292,46.25537109375,144.46875,0.13037109375,0.037968188524246216,-0.6670770645141602,0.011500854976475239,1.7885470390319824,8543.452380895615,pos_err_exceeded:1177|joint_limit:474|max_steps:267|self_collision:126
2490,200000,0.6571018099784851,0.4007783338480705,0.568804807444906,41.9609375,121.5,0.1943359375,0.03421710804104805,-0.6987882256507874,0.011434809304773808,1.8007829189300537,8572.15084862709,pos_err_exceeded:1051|joint_limit:488|max_steps:398|self_collision:91
2500,200000,0.6803777813911438,0.41102448970665595,0.5754925194997276,46.0009765625,132.34375,0.2021484375,0.02881264127790928,-0.6901383399963379,0.011369869112968445,1.684082269668579,8601.451032161713,pos_err_exceeded:1060|joint_limit:477|max_steps:414|self_collision:86
2510,200000,0.7378398180007935,0.3981244569737711,0.5054387233387219,51.3203125,140.921875,0.181640625,0.030039668083190918,-0.7030493021011353,0.011305158026516438,1.7171926498413086,8630.935196638107,pos_err_exceeded:1210|joint_limit:374|max_steps:372|self_collision:86
2520,200000,0.6849901080131531,0.42601098220931216,0.6025615867921877,55.60498046875,142.0625,0.16748046875,0.029814958572387695,-0.672995924949646,0.011240283958613873,1.8892719745635986,8660.697679519653,pos_err_exceeded:1099|joint_limit:452|max_steps:343|self_collision:125
2530,200000,0.6676502823829651,0.39839604901944214,0.5934695307829303,49.7529296875,136.140625,0.18115234375,0.028291281312704086,-0.6770033240318298,0.01117541454732418,1.6999614238739014,8690.441039085388,pos_err_exceeded:1089|joint_limit:516|max_steps:371|self_collision:66
2540,200000,0.6812824010848999,0.4002211877568981,0.5809384773586589,51.81396484375,145.28125,0.16162109375,0.0250075850635767,-0.674919843673706,0.011111083440482616,1.6150412559509277,8720.116327047348,pos_err_exceeded:1224|joint_limit:347|max_steps:331|self_collision:145
2550,200000,0.6633972525596619,0.393170317458301,0.570619119133709,45.3173828125,133.5,0.2099609375,0.034089889377355576,-0.707409679889679,0.011047818697988987,1.7627153396606445,8750.068952322006,pos_err_exceeded:1202|max_steps:430|joint_limit:345|self_collision:70
2560,200000,0.6682288646697998,0.33540542426335523,0.5072963643194177,41.87255859375,142.4375,0.10888671875,0.0215580016374588,-0.6817222833633423,0.010984574444591999,1.6849390268325806,8782.573905944824,pos_err_exceeded:1344|joint_limit:403|max_steps:223|self_collision:74
2570,200000,0.6788632869720459,0.4114135985751042,0.5883801957176065,47.28564453125,138.203125,0.212890625,0.02291795052587986,-0.7132100462913513,0.010921826586127281,1.6086206436157227,8835.553211927414,pos_err_exceeded:1206|max_steps:436|joint_limit:377|self_collision:24
2580,200000,0.6789101958274841,0.40428701941295175,0.5489233899803307,46.38671875,134.09375,0.1865234375,0.029767993837594986,-0.6885826587677002,0.010859296657145023,1.7378427982330322,8886.266202688217,pos_err_exceeded:901|joint_limit:572|max_steps:382|self_collision:192
2590,200000,0.7098113298416138,0.36080629236968653,0.5016053735598023,40.6015625,135.921875,0.14892578125,0.0322713777422905,-0.674301028251648,0.010796935297548771,1.7488574981689453,8937.975957393646,pos_err_exceeded:1296|joint_limit:333|max_steps:305|self_collision:77
2600,200000,0.7156949043273926,0.4216590477665122,0.5616892936949659,50.56396484375,141.40625,0.20458984375,0.02811213955283165,-0.6171897649765015,0.010735439136624336,1.7217347621917725,8989.786994457245,pos_err_exceeded:1085|joint_limit:436|max_steps:419|self_collision:98
2610,200000,0.6901422739028931,0.3679814299482912,0.5312012552225248,45.1220703125,127.203125,0.13916015625,0.029789110645651817,-0.6848312020301819,0.010674246586859226,1.6398985385894775,9068.323568344116,pos_err_exceeded:1329|joint_limit:352|max_steps:285|self_collision:67
2620,200000,0.6714287996292114,0.38351964634400826,0.5548347370909035,52.5126953125,144.859375,0.13134765625,0.0231765229254961,-0.655430793762207,0.010613251477479935,1.5746400356292725,9148.96203660965,pos_err_exceeded:1044|joint_limit:574|max_steps:269|self_collision:141
2630,200000,0.7058081030845642,0.37833118985684305,0.48141615758460343,48.4140625,150.078125,0.18603515625,0.03508242592215538,-0.6758019924163818,0.010552956722676754,1.565542221069336,9200.353192090988,pos_err_exceeded:1273|max_steps:381|joint_limit:219|self_collision:167
2640,200000,0.6703811883926392,0.35207003600718023,0.4927435139610401,45.5537109375,153.078125,0.10693359375,0.03380759060382843,-0.644395112991333,0.010492640547454357,1.7164876461029053,9251.660411119461,pos_err_exceeded:1369|joint_limit:399|max_steps:219|self_collision:61
2650,200000,0.7162039279937744,0.4681334945597204,0.6025727674001309,50.53076171875,127.53125,0.26025390625,0.03232835978269577,-0.6792420744895935,0.010433065705001354,1.7091178894042969,9303.630735874176,pos_err_exceeded:1084|max_steps:533|joint_limit:308|self_collision:120
2660,200000,0.6885464191436768,0.4074455566068942,0.5384249667296215,48.2861328125,135.09375,0.20361328125,0.04690288007259369,-0.6806829571723938,0.010373201221227646,1.5807652473449707,9354.527528524399,pos_err_exceeded:1107|max_steps:417|joint_limit:382|self_collision:106
2670,200000,0.6298739910125732,0.26489330805982836,0.398314904749106,33.69775390625,142.875,0.10400390625,0.033398717641830444,-0.6807413101196289,0.010313896462321281,1.7001808881759644,9455.246389865875,pos_err_exceeded:1385|joint_limit:234|max_steps:213|self_collision:174
2680,200000,0.6987074613571167,0.40699182607074935,0.5434553818487855,48.0634765625,130.109375,0.17333984375,0.018374696373939514,-0.701216459274292,0.010255102068185806,1.6457672119140625,9484.203387737274,pos_err_exceeded:1128|joint_limit:383|max_steps:355|self_collision:161
2690,200000,0.6318861842155457,0.30774915876512643,0.4732089160702543,36.048828125,133.71875,0.1259765625,0.02960062026977539,-0.6708002090454102,0.010196954943239689,1.6404070854187012,9514.107470035553,pos_err_exceeded:1217|joint_limit:411|max_steps:258|self_collision:157
2700,200000,0.6990379095077515,0.4008678749660096,0.5396968750004438,55.82373046875,140.859375,0.14599609375,0.037760354578495026,-0.6554988026618958,0.010139498859643936,1.5386312007904053,9543.498790740967,pos_err_exceeded:1054|joint_limit:527|max_steps:299|self_collision:151
2710,200000,0.7142050266265869,0.394323997075385,0.5338195280902882,41.74267578125,130.734375,0.20556640625,0.04525680094957352,-0.6929442882537842,0.010082246735692024,1.5040760040283203,9573.345441818237,pos_err_exceeded:1038|joint_limit:474|max_steps:421|self_collision:115
2720,200000,0.7096233367919922,0.3307547630223156,0.4839217530070304,42.9091796875,152.875,0.119140625,0.03733385354280472,-0.6466122269630432,0.010025303810834885,1.546962022781372,9603.257378339767,pos_err_exceeded:1346|joint_limit:389|max_steps:244|self_collision:66
2730,200000,0.6789565086364746,0.36439350505179763,0.5160860068238783,46.33447265625,142.25,0.1494140625,0.0317114032804966,-0.6773927807807922,0.009968387894332409,1.533374547958374,9632.34479856491,pos_err_exceeded:1034|joint_limit:445|max_steps:306|self_collision:242
2740,200000,0.7358169555664062,0.4465886592938726,0.5691938072542619,53.1962890625,140.59375,0.2333984375,0.027157340198755264,-0.7119313478469849,0.009911672212183475,1.539642572402954,9661.287276744843,pos_err_exceeded:1133|max_steps:478|joint_limit:335|self_collision:102
2750,200000,0.7312489748001099,0.4148959731047992,0.5349033849251872,61.22265625,152.8125,0.13720703125,0.029133284464478493,-0.6681413650512695,0.009855518117547035,1.554774522781372,9690.52996635437,pos_err_exceeded:1215|joint_limit:435|max_steps:281|self_collision:78
2760,200000,0.7149940729141235,0.3699200200178504,0.4991671383432522,44.666015625,139.59375,0.173828125,0.024763748049736023,-0.6620022058486938,0.009799608029425144,1.3185596466064453,9718.854778289795,pos_err_exceeded:1266|joint_limit:369|max_steps:356|self_collision:56
2770,200000,0.6944605112075806,0.3748889657929402,0.5132167054337202,47.86572265625,149.234375,0.12744140625,0.028004860505461693,-0.7012655735015869,0.009744827635586262,1.3833712339401245,9748.872216463089,pos_err_exceeded:1077|joint_limit:478|max_steps:261|self_collision:221
2780,200000,0.7243057489395142,0.4098037946466957,0.5386022670890283,51.072265625,142.3125,0.1728515625,0.028823483735322952,-0.7218456268310547,0.009690127335488796,1.430558204650879,9777.48125076294,pos_err_exceeded:1279|max_steps:354|joint_limit:326|self_collision:82
