task_id,T_rl,T_base,ratio_rl_base,term_rl,term_base
0,30,28,1.0714285714285714,cone,cone
1,32,31,1.032258064516129,cone,cone
2,32,26,1.2307692307692308,cone,cone
3,17,29,0.5862068965517241,collision,cone
4,111,31,3.5806451612903225,jl,cone
5,45,35,1.2857142857142858,cone,cone
6,67,57,1.1754385964912282,jl,cone
7,43,24,1.7916666666666667,cone,cone
8,26,22,1.1818181818181819,cone,cone
9,31,25,1.24,jl,cone
10,109,27,4.037037037037037,cone,cone
11,14,49,0.2857142857142857,jl,cone
12,30,24,1.25,cone,cone
13,23,64,0.359375,jl,cone
14,37,25,1.48,cone,cone
15,39,23,1.6956521739130435,cone,cone
16,59,32,1.84375,jl,cone
17,28,24,1.1666666666666667,cone,cone
18,15,66,0.22727272727272727,jl,cone
19,6,23,0.2608695652173913,jl,jl
20,59,51,1.1568627450980393,jl,cone
21,46,23,2.0,jl,cone
22,33,31,1.064516129032258,cone,cone
23,85,65,1.3076923076923077,cone,cone
24,37,30,1.2333333333333334,jl,cone
25,22,18,1.2222222222222223,cone,cone
26,43,43,1.0,cone,cone
27,23,22,1.0454545454545454,cone,cone
28,72,32,2.25,cone,cone
29,23,23,1.0,lateral,lateral
30,74,56,1.3214285714285714,cone,cone
31,135,119,1.134453781512605,cone,cone
